           1           2
           2           2
           3           2
           4           2
           5           2
           6           2
           7           2
           8           2
           9           2
          10           2
          11           2
          12           2
          13           2
          14           2
          15           2
          16           2
          17           2
          18           2
          19           2
          20           2
          21           2
          22           2
          23           2
          24           2
          25           2
          26           2
          27           2
          28           2
          29           2
          30           2
          31           2
          32           2
          33           2
          34           2
          35           2
          36           2
          37           2
          38           2
          39           2
          40           2
          41           2
          42           2
          43           2
          44           2
          45           2
          46           2
          47           2
          48           2
          49           2
          50           2
          51           2
          52           2
          53           2
          54           2
          55           2
          56           2
          57           2
          58           2
          59           2
          60           2
          61           2
          62           2
          63           2
          64           2
          65           2
          66           2
          67           2
          68           2
          69           2
          70           2
          71           2
          72           2
          73           2
          74           2
          75           2
          76           2
          77           2
          78           2
          79           2
          80           2
          81           2
          82           2
          83           2
          84           2
          85           2
          86           2
          87           2
          88           2
          89           2
          90           2
          91           2
          92           2
          93           2
          94           2
          95           2
          96           2
          97           2
          98           2
          99           2
         100           2
         101           2
         102           2
         103           2
         104           2
         105           2
         106           2
         107           2
         108           2
         109           2
         110           2
         111           2
         112           2
         113           2
         114           2
         115           2
         116           2
         117           2
         118           2
         119           2
         120           2
         121           2
         122           2
         123           2
         124           2
         125           2
         126           2
         127           2
         128           2
         129           2
         130           2
         131           2
         132           2
         133           2
         134           2
         135           2
         136           2
         137           2
         138           2
         139           2
         140           2
         141           2
         142           2
         143           2
         144           2
         145           2
         146           2
         147           2
         148           2
         149           2
         150           2
         151           2
         152           2
         153           2
         154           2
         155           2
         156           2
         157           2
         158           2
         159           2
         160           2
         161           2
         162           2
         163           2
         164           2
         165           2
         166           2
         167           2
         168           2
         169           2
         170           2
         171           2
         172           2
         173           2
         174           2
         175           2
         176           2
         177           2
         178           2
         179           2
         180           2
         181           2
         182           2
         183           2
         184           2
         185           2
         186           2
         187           2
         188           2
         189           2
         190           2
         191           2
         192           2
         193           2
         194           2
         195           2
         196           2
         197           2
         198           2
         199           2
         200           2
         201           2
         202           2
         203           2
         204           2
         205           2
         206           3
         207           2
         208           2
         209           2
         210           2
         211           2
         212           2
         213           2
         214           2
         215           2
         216           2
         217           2
         218           2
         219           2
         220           2
         221           2
         222           2
         223           2
         224           2
         225           2
         226           2
         227           2
         228           2
         229           2
         230           2
         231           2
         232           2
         233           2
         234           2
         235           2
         236           2
         237           2
         238           2
         239           2
         240           2
         241           2
         242           2
         243           2
         244           2
         245           2
         246           2
         247           2
         248           2
         249           2
         250           2
         251           2
         252           2
         253           2
         254           2
         255           2
         256           2
         257           2
         258           2
         259           2
         260           2
         261           2
         262           2
         263           2
         264           2
         265           2
         266           2
         267           2
         268           2
         269           2
         270           2
         271           2
         272           2
         273           2
         274           2
         275           2
         276           2
         277           2
         278           2
         279           2
         280           2
         281           2
         282           2
         283           2
         284           2
         285           2
         286           2
         287           2
         288           2
         289           2
         290           2
         291           2
         292           2
         293           2
         294           2
         295           2
         296           2
         297           2
         298           2
         299           2
         300           2
         301           2
         302           2
         303           2
         304           2
         305           2
         306           2
         307           2
         308           2
         309           2
         310           2
         311           2
         312           2
         313           2
         314           2
         315           2
         316           2
         317           2
         318           2
         319           2
         320           2
         321           2
         322           2
         323           2
         324           2
         325           2
         326           2
         327           2
         328           2
         329           2
         330           2
         331           2
         332           2
         333           2
         334           2
         335           2
         336           2
         337           2
         338           2
         339           2
         340           2
         341           2
         342           2
         343           2
         344           2
         345           2
         346           2
         347           2
         348           2
         349           2
         350           2
         351           2
         352           2
         353           2
         354           2
         355           2
         356           2
         357           2
         358           2
         359           2
         360           2
         361           2
         362           2
         363           2
         364           2
         365           2
         366           2
         367           2
         368           2
         369           2
         370           2
         371           2
         372           2
         373           2
         374           2
         375           2
         376           2
         377           2
         378           2
         379           2
         380           2
         381           2
         382           2
         383           2
         384           2
         385           2
         386           2
         387           2
         388           2
         389           2
         390           2
         391           2
         392           2
         393           2
         394           2
         395           2
         396           2
         397           2
         398           2
         399           2
         400           2
         401           2
         402           2
         403           2
         404           2
         405           2
         406           2
         407           2
         408           2
         409           2
         410           2
         411           2
         412           2
         413           2
         414           2
         415           2
         416           2
         417           2
         418           2
         419           2
         420           2
         421           2
         422           2
         423           2
         424           2
         425           2
         426           2
         427           2
         428           2
         429           2
         430           2
         431           2
         432           2
         433           2
         434           2
         435           2
         436           2
         437           2
         438           2
         439           2
         440           2
         441           2
         442           2
         443           2
         444           2
         445           2
         446           2
         447           2
         448           2
         449           2
         450           2
         451           2
         452           2
         453           2
         454           2
         455           2
         456           2
         457           2
         458           2
         459           2
         460           2
         461           2
         462           2
         463           2
         464           2
         465           2
         466           2
         467           2
         468           2
         469           2
         470           2
         471           2
         472           2
         473           2
         474           2
         475           2
         476           2
         477           2
         478           2
         479           2
         480           2
         481           2
         482           2
         483           2
         484           2
         485           2
         486           2
         487           2
         488           2
         489           2
         490           2
         491           2
         492           2
         493           2
         494           2
         495           3
         496           2
         497           2
         498           2
         499           2
         500           2
         501           2
         502           2
         503           2
         504           2
         505           2
         506           2
         507           2
         508           2
         509           2
         510           2
         511           2
         512           2
         513           2
         514           2
         515           2
         516           2
         517           2
         518           2
         519           2
         520           2
         521           2
         522           2
         523           2
         524           2
         525           2
         526           2
         527           2
         528           2
         529           2
         530           2
         531           2
         532           2
         533           2
         534           2
         535           2
         536           2
         537           2
         538           2
         539           2
         540           2
         541           2
         542           2
         543           2
         544           2
         545           2
         546           2
         547           2
         548           2
         549           2
         550           2
         551           2
         552           3
         553           2
         554           2
         555           2
         556           2
         557           2
         558           2
         559           2
         560           2
         561           2
         562           2
         563           2
         564           2
         565           2
         566           2
         567           2
         568           2
         569           2
         570           2
         571           2
         572           2
         573           2
         574           2
         575           2
         576           2
         577           2
         578           2
         579           2
         580           2
         581           2
         582           2
         583           2
         584           2
         585           2
         586           2
         587           2
         588           2
         589           2
         590           3
         591           2
         592           2
         593           2
         594           2
         595           2
         596           2
         597           2
         598           2
         599           2
         600           2
         601           2
         602           2
         603           2
         604           2
         605           2
         606           2
         607           3
         608           2
         609           2
         610           2
         611           2
         612           2
         613           2
         614           2
         615           2
         616           2
         617           2
         618           2
         619           2
         620           2
         621           2
         622           2
         623           2
         624           2
         625           2
         626           2
         627           2
         628           2
         629           2
         630           2
         631           2
         632           2
         633           2
         634           2
         635           2
         636           2
         637           2
         638           2
         639           2
         640           2
         641           2
         642           2
         643           2
         644           2
         645           2
         646           2
         647           2
         648           2
         649           2
         650           2
         651           2
         652           2
         653           2
         654           2
         655           2
         656           2
         657           2
         658           2
         659           2
         660           2
         661           2
         662           2
         663           2
         664           2
         665           2
         666           2
         667           2
         668           2
         669           2
         670           2
         671           2
         672           2
         673           2
         674           2
         675           2
         676           2
         677           2
         678           2
         679           2
         680           2
         681           2
         682           2
         683           2
         684           2
         685           2
         686           2
         687           2
         688           2
         689           2
         690           2
         691           2
         692           2
         693           2
         694           2
         695           2
         696           2
         697           2
         698           2
         699           2
         700           2
         701           2
         702           2
         703           2
         704           2
         705           2
         706           2
         707           2
         708           2
         709           2
         710           2
         711           2
         712           2
         713           2
         714           2
         715           2
         716           2
         717           2
         718           2
         719           2
         720           2
         721           2
         722           2
         723           2
         724           2
         725           2
         726           2
         727           2
         728           2
         729           2
         730           2
         731           2
         732           2
         733           2
         734           2
         735           2
         736           2
         737           2
         738           2
         739           2
         740           2
         741           2
         742           2
         743           2
         744           2
         745           2
         746           2
         747           2
         748           2
         749           2
         750           2
         751           2
         752           2
         753           2
         754           2
         755           2
         756           2
         757           2
         758           2
         759           2
         760           2
         761           2
         762           2
         763           2
         764           2
         765           2
         766           2
         767           2
         768           2
         769           2
         770           2
         771           2
         772           2
         773           2
         774           2
         775           2
         776           2
         777           2
         778           2
         779           2
         780           2
         781           2
         782           2
         783           2
         784           2
         785           2
         786           2
         787           2
         788           2
         789           2
         790           2
         791           2
         792           2
         793           2
         794           2
         795           2
         796           2
         797           2
         798           2
         799           2
         800           2
         801           2
         802           2
         803           2
         804           2
         805           2
         806           2
         807           2
         808           2
         809           3
         810           2
         811           2
         812           2
         813           2
         814           2
         815           2
         816           2
         817           2
         818           2
         819           2
         820           2
         821           2
         822           2
         823           3
         824           2
         825           2
         826           2
         827           2
         828           2
         829           2
         830           2
         831           2
         832           2
         833           2
         834           2
         835           2
         836           2
         837           2
         838           2
         839           2
         840           2
         841           2
         842           2
         843           2
         844           2
         845           2
         846           2
         847           2
         848           2
         849           2
         850           2
         851           2
         852           2
         853           2
         854           2
         855           2
         856           2
         857           2
         858           2
         859           2
         860           2
         861           2
         862           2
         863           2
         864           2
         865           2
         866           2
         867           2
         868           2
         869           2
         870           2
         871           2
         872           2
         873           2
         874           2
         875           2
         876           2
         877           2
         878           2
         879           2
         880           2
         881           2
         882           2
         883           2
         884           2
         885           2
         886           2
         887           2
         888           2
         889           2
         890           2
         891           2
         892           2
         893           2
         894           2
         895           2
         896           2
         897           2
         898           2
         899           2
         900           2
         901           2
         902           2
         903           2
         904           2
         905           2
         906           2
         907           2
         908           2
         909           2
         910           2
         911           2
         912           2
         913           2
         914           2
         915           2
         916           2
         917           2
         918           2
         919           2
         920           2
         921           2
         922           2
         923           2
         924           2
         925           2
         926           2
         927           2
         928           2
         929           2
         930           2
         931           2
         932           2
         933           2
         934           2
         935           2
         936           2
         937           2
         938           2
         939           2
         940           2
         941           2
         942           2
         943           2
         944           2
         945           2
         946           2
         947           2
         948           2
         949           3
         950           2
         951           2
         952           2
         953           2
         954           2
         955           2
         956           2
         957           2
         958           2
         959           2
         960           2
         961           2
         962           2
         963           2
         964           2
         965           2
         966           2
         967           2
         968           2
         969           2
         970           2
         971           2
         972           2
         973           2
         974           2
         975           2
         976           2
         977           2
         978           2
         979           2
         980           2
         981           2
         982           2
         983           2
         984           2
         985           2
         986           2
         987           2
         988           2
         989           2
         990           2
         991           2
         992           2
         993           2
         994           2
         995           2
         996           2
         997           2
         998           2
         999           2
        1000           2
        1001           2
        1002           2
        1003           2
        1004           2
        1005           2
        1006           2
        1007           2
        1008           2
        1009           2
        1010           2
        1011           2
        1012           2
        1013           2
        1014           2
        1015           2
        1016           2
        1017           2
        1018           2
        1019           2
        1020           2
        1021           2
        1022           2
        1023           2
        1024           2
        1025           2
        1026           2
        1027           2
        1028           2
        1029           2
        1030           2
        1031           2
        1032           2
        1033           2
        1034           2
        1035           2
        1036           2
        1037           2
        1038           2
        1039           2
        1040           2
        1041           2
        1042           2
        1043           2
        1044           2
        1045           2
        1046           2
        1047           2
        1048           2
        1049           2
        1050           2
        1051           2
        1052           2
        1053           2
        1054           2
        1055           2
        1056           2
        1057           2
        1058           2
        1059           2
        1060           2
        1061           2
        1062           2
        1063           2
        1064           2
        1065           2
        1066           2
        1067           2
        1068           2
        1069           2
        1070           2
        1071           2
        1072           2
        1073           2
        1074           2
        1075           2
        1076           2
        1077           2
        1078           2
        1079           2
        1080           2
        1081           2
        1082           2
        1083           2
        1084           2
        1085           2
        1086           2
        1087           2
        1088           2
        1089           2
        1090           2
        1091           2
        1092           2
        1093           2
        1094           2
        1095           2
        1096           2
        1097           2
        1098           2
        1099           2
        1100           2
        1101           2
        1102           2
        1103           2
        1104           2
        1105           2
        1106           2
        1107           2
        1108           2
        1109           2
        1110           2
        1111           2
        1112           2
        1113           2
        1114           2
        1115           2
        1116           2
        1117           2
        1118           2
        1119           2
        1120           2
        1121           2
        1122           2
        1123           2
        1124           2
        1125           2
        1126           2
        1127           2
        1128           2
        1129           2
        1130           2
        1131           2
        1132           2
        1133           2
        1134           2
        1135           2
        1136           2
        1137           2
        1138           2
        1139           2
        1140           2
        1141           2
        1142           2
        1143           2
        1144           2
        1145           2
        1146           2
        1147           2
        1148           2
        1149           2
        1150           2
        1151           2
        1152           2
        1153           2
        1154           2
        1155           2
        1156           2
        1157           2
        1158           2
        1159           2
        1160           2
        1161           2
        1162           2
        1163           2
        1164           2
        1165           2
        1166           2
        1167           2
        1168           2
        1169           2
        1170           2
        1171           2
        1172           2
        1173           2
        1174           2
        1175           2
        1176           2
        1177           2
        1178           2
        1179           2
        1180           2
        1181           2
        1182           2
        1183           2
        1184           2
        1185           2
        1186           2
        1187           2
        1188           2
        1189           2
        1190           2
        1191           2
        1192           2
        1193           2
        1194           2
        1195           2
        1196           2
        1197           2
        1198           2
        1199           2
        1200           2
        1201           2
        1202           2
        1203           2
        1204           2
        1205           2
        1206           2
        1207           2
        1208           2
        1209           2
        1210           2
        1211           2
        1212           2
        1213           2
        1214           2
        1215           2
        1216           2
        1217           2
        1218           2
        1219           2
        1220           2
        1221           2
        1222           2
        1223           2
        1224           2
        1225           2
        1226           2
        1227           2
        1228           2
        1229           2
        1230           2
        1231           2
        1232           2
        1233           2
        1234           2
        1235           2
        1236           2
        1237           2
        1238           2
        1239           2
        1240           2
        1241           2
        1242           2
        1243           2
        1244           2
        1245           2
        1246           2
        1247           2
        1248           2
        1249           2
        1250           2
        1251           2
        1252           2
        1253           2
        1254           2
        1255           2
        1256           3
        1257           2
        1258           2
        1259           2
        1260           2
        1261           2
        1262           2
        1263           2
        1264           2
        1265           2
        1266           2
        1267           2
        1268           2
        1269           2
        1270           2
        1271           2
        1272           2
        1273           2
        1274           2
        1275           2
        1276           2
        1277           2
        1278           2
        1279           2
        1280           2
        1281           2
        1282           2
        1283           2
        1284           2
        1285           2
        1286           2
        1287           2
        1288           2
        1289           2
        1290           2
        1291           2
        1292           2
        1293           2
        1294           2
        1295           2
        1296           2
        1297           2
        1298           2
        1299           2
        1300           2
        1301           2
        1302           2
        1303           2
        1304           2
        1305           2
        1306           2
        1307           2
        1308           2
        1309           2
        1310           2
        1311           2
        1312           2
        1313           2
        1314           2
        1315           2
        1316           2
        1317           2
        1318           2
        1319           2
        1320           2
        1321           2
        1322           2
        1323           2
        1324           2
        1325           2
        1326           2
        1327           2
        1328           2
        1329           2
        1330           2
        1331           2
        1332           2
        1333           2
        1334           2
        1335           2
        1336           2
        1337           2
        1338           2
        1339           2
        1340           2
        1341           2
        1342           2
        1343           2
        1344           2
        1345           2
        1346           2
        1347           2
        1348           2
        1349           2
        1350           2
        1351           2
        1352           2
        1353           2
        1354           2
        1355           2
        1356           2
        1357           2
        1358           2
        1359           2
        1360           2
        1361           2
        1362           2
        1363           2
        1364           2
        1365           2
        1366           2
        1367           2
        1368           2
        1369           2
        1370           2
        1371           2
        1372           2
        1373           2
        1374           2
        1375           2
        1376           2
        1377           2
        1378           2
        1379           2
        1380           2
        1381           2
        1382           2
        1383           2
        1384           2
        1385           2
        1386           2
        1387           2
        1388           2
        1389           2
        1390           2
        1391           2
        1392           2
        1393           2
        1394           2
        1395           2
        1396           2
        1397           2
        1398           2
        1399           2
        1400           2
        1401           2
        1402           2
        1403           2
        1404           2
        1405           2
        1406           2
        1407           2
        1408           2
        1409           2
        1410           2
        1411           2
        1412           2
        1413           2
        1414           2
        1415           2
        1416           2
        1417           2
        1418           2
        1419           2
        1420           2
        1421           2
        1422           2
        1423           2
        1424           2
        1425           2
        1426           2
        1427           2
        1428           2
        1429           2
        1430           2
        1431           2
        1432           2
        1433           2
        1434           2
        1435           2
        1436           2
        1437           2
        1438           2
        1439           2
        1440           2
        1441           2
        1442           2
        1443           2
        1444           2
        1445           2
        1446           2
        1447           2
        1448           2
        1449           2
        1450           2
        1451           2
        1452           2
        1453           2
        1454           2
        1455           2
        1456           2
        1457           2
        1458           2
        1459           2
        1460           2
        1461           2
        1462           2
        1463           2
        1464           2
        1465           2
        1466           2
        1467           2
        1468           2
        1469           2
        1470           2
        1471           2
        1472           2
        1473           2
        1474           2
        1475           2
        1476           2
        1477           2
        1478           2
        1479           2
        1480           2
        1481           2
        1482           2
        1483           2
        1484           2
        1485           2
        1486           2
        1487           2
        1488           2
        1489           2
        1490           2
        1491           2
        1492           2
        1493           2
        1494           2
        1495           2
        1496           2
        1497           2
        1498           2
        1499           2
        1500           2
        1501           2
        1502           2
        1503           2
        1504           2
        1505           2
        1506           3
        1507           2
        1508           3
        1509           2
        1510           3
        1511           2
        1512           2
        1513           2
        1514           2
        1515           2
        1516           2
        1517           2
        1518           2
        1519           2
        1520           2
        1521           2
        1522           2
        1523           2
        1524           2
        1525           2
        1526           2
        1527           2
        1528           2
        1529           2
        1530           2
        1531           2
        1532           2
        1533           2
        1534           2
        1535           2
        1536           2
        1537           2
        1538           2
        1539           2
        1540           2
        1541           2
        1542           2
        1543           2
        1544           2
        1545           2
        1546           2
        1547           2
        1548           2
        1549           2
        1550           2
        1551           2
        1552           2
        1553           2
        1554           2
        1555           2
        1556           2
        1557           2
        1558           2
        1559           2
        1560           2
        1561           2
        1562           2
        1563           2
        1564           2
        1565           2
        1566           2
        1567           2
        1568           2
        1569           2
        1570           2
        1571           2
        1572           2
        1573           2
        1574           2
        1575           2
        1576           2
        1577           2
        1578           2
        1579           2
        1580           2
        1581           2
        1582           2
        1583           2
        1584           2
        1585           2
        1586           2
        1587           2
        1588           2
        1589           2
        1590           2
        1591           2
        1592           2
        1593           2
        1594           2
        1595           2
        1596           2
        1597           2
        1598           2
        1599           2
        1600           2
        1601           2
        1602           2
        1603           2
        1604           2
        1605           2
        1606           2
        1607           2
        1608           2
        1609           2
        1610           2
        1611           2
        1612           2
        1613           2
        1614           2
        1615           2
        1616           2
        1617           2
        1618           2
        1619           2
        1620           2
        1621           2
        1622           2
        1623           2
        1624           2
        1625           2
        1626           2
        1627           2
        1628           2
        1629           2
        1630           2
        1631           2
        1632           2
        1633           2
        1634           2
        1635           2
        1636           2
        1637           2
        1638           2
        1639           2
        1640           2
        1641           2
        1642           2
        1643           2
        1644           2
        1645           2
        1646           2
        1647           2
        1648           2
        1649           2
        1650           2
        1651           2
        1652           2
        1653           2
        1654           2
        1655           2
        1656           2
        1657           2
        1658           2
        1659           2
        1660           2
        1661           2
        1662           2
        1663           2
        1664           2
        1665           2
        1666           2
        1667           2
        1668           2
        1669           2
        1670           2
        1671           2
        1672           2
        1673           2
        1674           2
        1675           2
        1676           2
        1677           2
        1678           2
        1679           2
        1680           2
        1681           2
        1682           2
        1683           2
        1684           2
        1685           2
        1686           2
        1687           2
        1688           2
        1689           2
        1690           2
        1691           2
        1692           2
        1693           2
        1694           2
        1695           2
        1696           2
        1697           2
        1698           2
        1699           2
        1700           2
        1701           2
        1702           2
        1703           2
        1704           2
        1705           2
        1706           2
        1707           2
        1708           2
        1709           2
        1710           2
        1711           2
        1712           2
        1713           2
        1714           2
        1715           2
        1716           2
        1717           2
        1718           2
        1719           2
        1720           2
        1721           2
        1722           2
        1723           2
        1724           2
        1725           2
        1726           2
        1727           2
        1728           2
        1729           2
        1730           2
        1731           2
        1732           2
        1733           2
        1734           2
        1735           2
        1736           2
        1737           2
        1738           2
        1739           2
        1740           2
        1741           2
        1742           2
        1743           2
        1744           2
        1745           2
        1746           2
        1747           2
        1748           2
        1749           2
        1750           2
        1751           2
        1752           2
        1753           2
        1754           2
        1755           2
        1756           2
        1757           2
        1758           2
        1759           2
        1760           2
        1761           2
        1762           2
        1763           2
        1764           2
        1765           2
        1766           2
        1767           2
        1768           2
        1769           2
        1770           2
        1771           2
        1772           2
        1773           2
        1774           2
        1775           2
        1776           2
        1777           2
        1778           2
        1779           2
        1780           2
        1781           2
        1782           2
        1783           2
        1784           2
        1785           2
        1786           2
        1787           2
        1788           2
        1789           2
        1790           2
        1791           2
        1792           2
        1793           2
        1794           2
        1795           2
        1796           2
        1797           2
        1798           2
        1799           2
        1800           2
        1801           2
        1802           2
        1803           2
        1804           2
        1805           2
        1806           2
        1807           2
        1808           2
        1809           2
        1810           2
        1811           2
        1812           2
        1813           2
        1814           2
        1815           2
        1816           2
        1817           2
        1818           2
        1819           2
        1820           2
        1821           2
        1822           2
        1823           2
        1824           2
        1825           2
        1826           2
        1827           2
        1828           2
        1829           2
        1830           2
        1831           2
        1832           2
        1833           2
        1834           2
        1835           2
        1836           2
        1837           2
        1838           2
        1839           2
        1840           2
        1841           2
        1842           2
        1843           2
        1844           2
        1845           2
        1846           2
        1847           2
        1848           2
        1849           2
        1850           2
        1851           2
        1852           2
        1853           2
        1854           2
        1855           2
        1856           2
        1857           2
        1858           2
        1859           2
        1860           2
        1861           2
        1862           2
        1863           2
        1864           2
        1865           2
        1866           2
        1867           2
        1868           2
        1869           2
        1870           2
        1871           2
        1872           2
        1873           2
        1874           2
        1875           2
        1876           2
        1877           2
        1878           2
        1879           2
        1880           2
        1881           2
        1882           2
        1883           2
        1884           2
        1885           2
        1886           2
        1887           2
        1888           2
        1889           2
        1890           2
        1891           2
        1892           2
        1893           2
        1894           2
        1895           2
        1896           2
        1897           2
        1898           2
        1899           2
        1900           2
        1901           2
        1902           2
        1903           2
        1904           2
        1905           2
        1906           2
        1907           2
        1908           2
        1909           2
        1910           2
        1911           2
        1912           2
        1913           2
        1914           2
        1915           2
        1916           2
        1917           2
        1918           2
        1919           2
        1920           2
        1921           2
        1922           2
        1923           2
        1924           2
        1925           2
        1926           2
        1927           2
        1928           2
        1929           2
        1930           2
        1931           2
        1932           2
        1933           2
        1934           2
        1935           2
        1936           2
        1937           2
        1938           2
        1939           2
        1940           2
        1941           2
        1942           2
        1943           2
        1944           2
        1945           2
        1946           2
        1947           2
        1948           2
        1949           2
        1950           2
        1951           2
        1952           2
        1953           2
        1954           2
        1955           2
        1956           2
        1957           2
        1958           2
        1959           2
        1960           2
        1961           2
        1962           2
        1963           2
        1964           2
        1965           2
        1966           2
        1967           2
        1968           2
        1969           2
        1970           2
        1971           2
        1972           2
        1973           2
        1974           2
        1975           2
        1976           2
        1977           2
        1978           2
        1979           2
        1980           2
        1981           2
        1982           2
        1983           2
        1984           2
        1985           2
        1986           2
        1987           2
        1988           2
        1989           2
        1990           2
        1991           2
        1992           2
        1993           2
        1994           2
        1995           2
        1996           2
        1997           2
        1998           2
        1999           2
        2000           2
        2001           2
        2002           2
        2003           2
        2004           2
        2005           2
        2006           2
        2007           2
        2008           2
        2009           2
        2010           2
        2011           2
        2012           2
        2013           2
        2014           2
        2015           2
        2016           2
        2017           2
        2018           2
        2019           2
        2020           2
        2021           2
        2022           2
        2023           2
        2024           2
        2025           2
        2026           2
        2027           2
        2028           2
        2029           2
        2030           2
        2031           2
        2032           2
        2033           2
        2034           2
        2035           2
        2036           2
        2037           2
        2038           2
        2039           2
        2040           2
        2041           2
        2042           2
        2043           2
        2044           2
        2045           2
        2046           2
        2047           2
        2048           2
        2049           2
        2050           2
        2051           2
        2052           2
        2053           2
        2054           2
        2055           2
        2056           2
        2057           2
        2058           2
        2059           2
        2060           2
        2061           2
        2062           2
        2063           2
        2064           2
        2065           2
        2066           2
        2067           2
        2068           2
        2069           2
        2070           2
        2071           2
        2072           2
        2073           2
        2074           2
        2075           2
        2076           2
        2077           2
        2078           2
        2079           2
        2080           2
        2081           2
        2082           2
        2083           2
        2084           2
        2085           2
        2086           2
        2087           2
        2088           2
        2089           2
        2090           2
        2091           2
        2092           2
        2093           2
        2094           2
        2095           2
        2096           2
        2097           2
        2098           2
        2099           3
        2100           2
        2101           2
        2102           2
        2103           2
        2104           2
        2105           2
        2106           2
        2107           3
        2108           2
        2109           2
        2110           2
        2111           2
        2112           2
        2113           2
        2114           2
        2115           2
        2116           2
        2117           2
        2118           2
        2119           2
        2120           2
        2121           2
        2122           2
        2123           2
        2124           2
        2125           2
        2126           2
        2127           2
        2128           2
        2129           2
        2130           2
        2131           2
        2132           2
        2133           2
        2134           2
        2135           2
        2136           2
        2137           2
        2138           2
        2139           2
        2140           2
        2141           2
        2142           2
        2143           2
        2144           2
        2145           2
        2146           2
        2147           2
        2148           2
        2149           2
        2150           2
        2151           2
        2152           2
        2153           2
        2154           2
        2155           2
        2156           2
        2157           2
        2158           2
        2159           2
        2160           2
        2161           2
        2162           2
        2163           2
        2164           2
        2165           2
        2166           2
        2167           2
        2168           2
        2169           2
        2170           2
        2171           2
        2172           2
        2173           2
        2174           2
        2175           2
        2176           2
        2177           2
        2178           2
        2179           2
        2180           2
        2181           2
        2182           2
        2183           2
        2184           2
        2185           2
        2186           2
        2187           2
        2188           2
        2189           2
        2190           2
        2191           2
        2192           2
        2193           2
        2194           2
        2195           2
        2196           2
        2197           2
        2198           2
        2199           2
        2200           2
        2201           2
        2202           2
        2203           2
        2204           2
        2205           2
        2206           2
        2207           2
        2208           2
        2209           2
        2210           2
        2211           2
        2212           2
        2213           2
        2214           2
        2215           2
        2216           2
        2217           2
        2218           2
        2219           2
        2220           2
        2221           2
        2222           2
        2223           2
        2224           2
        2225           2
        2226           2
        2227           2
        2228           2
        2229           2
        2230           2
        2231           2
        2232           2
        2233           2
        2234           2
        2235           2
        2236           2
        2237           2
        2238           2
        2239           2
        2240           2
        2241           2
        2242           2
        2243           2
        2244           2
        2245           2
        2246           2
        2247           2
        2248           2
        2249           2
        2250           2
        2251           2
        2252           2
        2253           2
        2254           2
        2255           2
        2256           2
        2257           2
        2258           2
        2259           2
        2260           2
        2261           2
        2262           2
        2263           2
        2264           2
        2265           2
        2266           2
        2267           2
        2268           2
        2269           2
        2270           2
        2271           2
        2272           2
        2273           2
        2274           2
        2275           2
        2276           2
        2277           2
        2278           2
        2279           2
        2280           2
        2281           2
        2282           2
        2283           2
        2284           2
        2285           2
        2286           2
        2287           2
        2288           2
        2289           2
        2290           2
        2291           2
        2292           2
        2293           2
        2294           2
        2295           2
        2296           2
        2297           2
        2298           2
        2299           2
        2300           2
        2301           2
        2302           2
        2303           2
        2304           2
        2305           2
        2306           2
        2307           2
        2308           2
        2309           2
        2310           2
        2311           2
        2312           2
        2313           2
        2314           2
        2315           2
        2316           2
        2317           2
        2318           2
        2319           2
        2320           2
        2321           2
        2322           2
        2323           2
        2324           2
        2325           2
        2326           2
        2327           2
        2328           2
        2329           2
        2330           2
        2331           2
        2332           2
        2333           2
        2334           2
        2335           2
        2336           2
        2337           2
        2338           2
        2339           2
        2340           2
        2341           2
        2342           2
        2343           2
        2344           2
        2345           2
        2346           2
        2347           2
        2348           2
        2349           2
        2350           2
        2351           2
        2352           2
        2353           2
        2354           2
        2355           2
        2356           2
        2357           2
        2358           2
        2359           2
        2360           2
        2361           2
        2362           2
        2363           2
        2364           2
        2365           2
        2366           2
        2367           2
        2368           2
        2369           2
        2370           2
        2371           2
        2372           2
        2373           2
        2374           2
        2375           2
        2376           2
        2377           2
        2378           2
        2379           2
        2380           2
        2381           2
        2382           2
        2383           2
        2384           2
        2385           2
        2386           2
        2387           2
        2388           2
        2389           2
        2390           2
        2391           2
        2392           2
        2393           2
        2394           2
        2395           2
        2396           2
        2397           2
        2398           2
        2399           2
        2400           2
        2401           2
        2402           2
        2403           2
        2404           2
        2405           2
        2406           2
        2407           2
        2408           2
        2409           2
        2410           2
        2411           2
        2412           2
        2413           2
        2414           2
        2415           2
        2416           2
        2417           2
        2418           2
        2419           2
        2420           2
        2421           2
        2422           2
        2423           2
        2424           2
        2425           2
        2426           2
        2427           2
        2428           2
        2429           2
        2430           2
        2431           2
        2432           2
        2433           2
        2434           2
        2435           2
        2436           2
        2437           2
        2438           2
        2439           2
        2440           2
        2441           2
        2442           2
        2443           2
        2444           2
        2445           2
        2446           2
        2447           2
        2448           2
        2449           2
        2450           2
        2451           2
        2452           2
        2453           2
        2454           2
        2455           2
        2456           2
        2457           2
        2458           2
        2459           2
        2460           2
        2461           2
        2462           2
        2463           2
        2464           2
        2465           2
        2466           2
        2467           2
        2468           2
        2469           2
        2470           2
        2471           2
        2472           2
        2473           2
        2474           2
        2475           2
        2476           2
        2477           2
        2478           2
        2479           2
        2480           2
        2481           2
        2482           2
        2483           2
        2484           2
        2485           2
        2486           2
        2487           2
        2488           2
        2489           2
        2490           2
        2491           2
        2492           2
        2493           2
        2494           2
        2495           2
        2496           2
        2497           2
        2498           2
        2499           2
        2500           2
        2501           2
        2502           2
        2503           2
        2504           2
        2505           2
        2506           2
        2507           2
        2508           2
        2509           2
        2510           2
        2511           2
        2512           2
        2513           2
        2514           2
        2515           2
        2516           2
        2517           2
        2518           2
        2519           2
        2520           2
        2521           2
        2522           2
        2523           2
        2524           2
        2525           2
        2526           2
        2527           2
        2528           2
        2529           2
        2530           2
        2531           2
        2532           2
        2533           2
        2534           2
        2535           2
        2536           2
        2537           2
        2538           2
        2539           2
        2540           2
        2541           2
        2542           2
        2543           2
        2544           2
        2545           2
        2546           2
        2547           2
        2548           2
        2549           2
        2550           2
        2551           2
        2552           2
        2553           2
        2554           2
        2555           2
        2556           2
        2557           2
        2558           2
        2559           2
        2560           2
        2561           2
        2562           2
        2563           2
        2564           2
        2565           2
        2566           2
        2567           2
        2568           2
        2569           2
        2570           2
        2571           2
        2572           2
        2573           2
        2574           2
        2575           2
        2576           2
        2577           2
        2578           2
        2579           2
        2580           2
        2581           2
        2582           2
        2583           2
        2584           2
        2585           2
        2586           2
        2587           2
        2588           2
        2589           2
        2590           2
        2591           2
        2592           2
        2593           2
        2594           2
        2595           2
        2596           2
        2597           2
        2598           2
        2599           2
        2600           2
        2601           2
        2602           2
        2603           2
        2604           2
        2605           2
        2606           2
        2607           2
        2608           2
        2609           2
        2610           2
        2611           2
        2612           2
        2613           2
        2614           2
        2615           2
        2616           2
        2617           2
        2618           2
        2619           2
        2620           2
        2621           2
        2622           2
        2623           2
        2624           2
        2625           2
        2626           2
        2627           2
        2628           2
        2629           2
        2630           2
        2631           2
        2632           2
        2633           2
        2634           2
        2635           2
        2636           2
        2637           2
        2638           2
        2639           2
        2640           2
        2641           2
        2642           2
        2643           2
        2644           2
        2645           2
        2646           2
        2647           2
        2648           2
        2649           2
        2650           2
        2651           2
        2652           2
        2653           2
        2654           2
        2655           2
        2656           2
        2657           2
        2658           2
        2659           2
        2660           2
        2661           2
        2662           2
        2663           2
        2664           2
        2665           2
        2666           2
        2667           2
        2668           2
        2669           2
        2670           2
        2671           2
        2672           2
        2673           2
        2674           2
        2675           2
        2676           2
        2677           2
        2678           2
        2679           2
        2680           2
        2681           2
        2682           2
        2683           2
        2684           2
        2685           2
        2686           2
        2687           2
        2688           2
        2689           2
        2690           2
        2691           2
        2692           2
        2693           2
        2694           2
        2695           2
        2696           2
        2697           2
        2698           2
        2699           2
        2700           2
        2701           2
        2702           2
        2703           2
        2704           2
        2705           2
        2706           2
        2707           2
        2708           2
        2709           2
        2710           2
        2711           2
        2712           2
        2713           2
        2714           2
        2715           2
        2716           2
        2717           2
        2718           2
        2719           2
        2720           2
        2721           2
        2722           2
        2723           2
        2724           2
        2725           2
        2726           2
        2727           2
        2728           2
        2729           2
        2730           2
        2731           2
        2732           2
        2733           2
        2734           2
        2735           2
        2736           2
        2737           2
        2738           2
        2739           2
        2740           2
        2741           2
        2742           2
        2743           2
        2744           2
        2745           2
        2746           2
        2747           2
        2748           2
        2749           2
        2750           2
        2751           2
        2752           2
        2753           2
        2754           2
        2755           2
        2756           2
        2757           2
        2758           2
        2759           2
        2760           2
        2761           2
        2762           2
        2763           2
        2764           2
        2765           2
        2766           2
        2767           2
        2768           2
        2769           2
        2770           2
        2771           2
        2772           2
        2773           2
        2774           2
        2775           2
        2776           2
        2777           2
        2778           2
        2779           2
        2780           2
        2781           2
        2782           2
        2783           2
        2784           2
        2785           2
        2786           2
        2787           2
        2788           2
        2789           2
        2790           2
        2791           2
        2792           2
        2793           2
        2794           2
        2795           2
        2796           2
        2797           2
        2798           2
        2799           2
        2800           2
        2801           2
        2802           2
        2803           2
        2804           2
        2805           2
        2806           2
        2807           2
        2808           2
        2809           2
        2810           2
        2811           2
        2812           2
        2813           2
        2814           2
        2815           2
        2816           2
        2817           2
        2818           2
        2819           2
        2820           2
        2821           2
        2822           2
        2823           2
        2824           2
        2825           2
        2826           2
        2827           2
        2828           2
        2829           2
        2830           2
        2831           2
        2832           2
        2833           2
        2834           2
        2835           2
        2836           2
        2837           2
        2838           2
        2839           2
        2840           2
        2841           2
        2842           2
        2843           2
        2844           2
        2845           2
        2846           2
        2847           2
        2848           2
        2849           2
        2850           2
        2851           2
        2852           2
        2853           2
        2854           2
        2855           2
        2856           2
        2857           2
        2858           2
        2859           2
        2860           2
        2861           2
        2862           2
        2863           2
        2864           2
        2865           2
        2866           2
        2867           2
        2868           2
        2869           2
        2870           2
        2871           2
        2872           2
        2873           2
        2874           2
        2875           2
        2876           2
        2877           2
        2878           2
        2879           2
        2880           2
        2881           2
        2882           2
        2883           2
        2884           2
        2885           2
        2886           2
        2887           2
        2888           2
        2889           2
        2890           2
        2891           2
        2892           2
        2893           2
        2894           2
        2895           2
        2896           2
        2897           2
        2898           2
        2899           2
        2900           2
        2901           2
        2902           2
        2903           2
        2904           2
        2905           2
        2906           2
        2907           2
        2908           2
        2909           2
        2910           2
        2911           2
        2912           2
        2913           2
        2914           3
        2915           2
        2916           2
        2917           3
        2918           2
        2919           3
        2920           2
        2921           3
        2922           2
        2923           3
        2924           2
        2925           3
        2926           2
        2927           3
        2928           2
        2929           2
        2930           2
        2931           2
        2932           2
        2933           2
        2934           2
        2935           2
        2936           2
        2937           2
        2938           2
        2939           2
        2940           2
        2941           2
        2942           2
        2943           2
        2944           2
        2945           2
        2946           2
        2947           2
        2948           2
        2949           2
        2950           2
        2951           2
        2952           2
        2953           2
        2954           2
        2955           2
        2956           2
        2957           2
        2958           2
        2959           2
        2960           2
        2961           2
        2962           2
        2963           2
        2964           2
        2965           2
        2966           2
        2967           2
        2968           2
        2969           2
        2970           2
        2971           2
        2972           2
        2973           2
        2974           2
        2975           2
        2976           2
        2977           2
        2978           2
        2979           2
        2980           2
        2981           2
        2982           2
        2983           2
        2984           2
        2985           2
        2986           2
        2987           2
        2988           2
        2989           2
        2990           2
        2991           2
        2992           2
        2993           2
        2994           2
        2995           2
        2996           2
        2997           2
        2998           2
        2999           2
        3000           2
        3001           2
        3002           2
        3003           2
        3004           2
        3005           2
        3006           2
        3007           2
        3008           2
        3009           2
        3010           2
        3011           2
        3012           2
        3013           2
        3014           2
        3015           2
        3016           2
        3017           2
        3018           2
        3019           2
        3020           2
        3021           2
        3022           2
        3023           2
        3024           2
        3025           2
        3026           2
        3027           2
        3028           2
        3029           2
        3030           2
        3031           2
        3032           2
        3033           2
        3034           2
        3035           2
        3036           2
        3037           2
        3038           2
        3039           2
        3040           2
        3041           2
        3042           2
        3043           2
        3044           2
        3045           2
        3046           2
        3047           2
        3048           2
        3049           2
        3050           2
        3051           2
        3052           2
        3053           2
        3054           2
        3055           2
        3056           2
        3057           2
        3058           2
        3059           2
        3060           2
        3061           2
        3062           2
        3063           2
        3064           2
        3065           2
        3066           2
        3067           2
        3068           2
        3069           2
        3070           2
        3071           2
        3072           2
        3073           2
        3074           2
        3075           2
        3076           2
        3077           2
        3078           2
        3079           2
        3080           2
        3081           2
        3082           2
        3083           2
        3084           2
        3085           2
        3086           2
        3087           2
        3088           2
        3089           2
        3090           2
        3091           2
        3092           2
        3093           2
        3094           2
        3095           2
        3096           3
        3097           2
        3098           2
        3099           2
        3100           2
        3101           2
        3102           2
        3103           3
        3104           2
        3105           2
        3106           2
        3107           2
        3108           2
        3109           2
        3110           3
        3111           2
        3112           2
        3113           2
        3114           2
        3115           2
        3116           2
        3117           3
        3118           2
        3119           2
        3120           2
        3121           2
        3122           2
        3123           2
        3124           3
        3125           2
        3126           2
        3127           2
        3128           2
        3129           2
        3130           3
        3131           2
        3132           2
        3133           2
        3134           2
        3135           2
        3136           3
        3137           2
        3138           2
        3139           2
        3140           2
        3141           2
        3142           3
        3143           2
        3144           2
        3145           2
        3146           2
        3147           2
        3148           3
        3149           2
        3150           2
        3151           2
        3152           2
        3153           2
        3154           3
        3155           2
        3156           2
        3157           2
        3158           2
        3159           2
        3160           3
        3161           2
        3162           2
        3163           2
        3164           2
        3165           2
        3166           3
        3167           2
        3168           2
        3169           2
        3170           2
        3171           2
        3172           3
        3173           2
        3174           2
        3175           2
        3176           2
        3177           2
        3178           3
        3179           2
        3180           2
        3181           2
        3182           2
        3183           2
        3184           3
        3185           2
        3186           2
        3187           2
        3188           2
        3189           2
        3190           3
        3191           2
        3192           2
        3193           2
        3194           2
        3195           2
        3196           3
        3197           2
        3198           2
        3199           2
        3200           2
        3201           2
        3202           3
        3203           2
        3204           2
        3205           2
        3206           2
        3207           2
        3208           3
        3209           2
        3210           2
        3211           2
        3212           2
        3213           2
        3214           3
        3215           2
        3216           2
        3217           2
        3218           2
        3219           2
        3220           3
        3221           2
        3222           2
        3223           2
        3224           2
        3225           2
        3226           3
        3227           2
        3228           2
        3229           2
        3230           2
        3231           2
        3232           2
        3233           2
        3234           2
        3235           2
        3236           2
        3237           2
        3238           3
        3239           2
        3240           2
        3241           2
        3242           2
        3243           3
        3244           2
        3245           3
        3246           2
        3247           2
        3248           3
        3249           2
        3250           3
        3251           2
        3252           3
        3253           2
        3254           3
        3255           2
        3256           3
        3257           2
        3258           3
        3259           2
        3260           2
        3261           2
        3262           2
        3263           2
        3264           2
        3265           2
        3266           2
        3267           2
        3268           2
        3269           2
        3270           2
        3271           2
        3272           2
        3273           2
        3274           2
        3275           2
        3276           2
        3277           2
        3278           2
        3279           2
        3280           2
        3281           2
        3282           2
        3283           2
        3284           2
        3285           2
        3286           2
        3287           2
        3288           2
        3289           2
        3290           2
        3291           2
        3292           2
        3293           2
        3294           2
        3295           2
        3296           2
        3297           2
        3298           2
        3299           2
        3300           2
        3301           2
        3302           2
        3303           2
        3304           2
        3305           2
        3306           2
        3307           2
        3308           2
        3309           2
        3310           2
        3311           2
        3312           2
        3313           2
        3314           2
        3315           2
        3316           2
        3317           2
        3318           2
        3319           2
        3320           2
        3321           2
        3322           2
        3323           2
        3324           2
        3325           2
        3326           2
        3327           2
        3328           2
        3329           2
        3330           2
        3331           2
        3332           2
        3333           2
        3334           2
        3335           2
        3336           2
        3337           2
        3338           2
        3339           2
        3340           2
        3341           2
        3342           2
        3343           2
        3344           2
        3345           2
        3346           2
        3347           2
        3348           2
        3349           2
        3350           2
        3351           2
        3352           2
        3353           2
        3354           2
        3355           2
        3356           2
        3357           2
        3358           2
        3359           2
        3360           2
        3361           2
        3362           2
        3363           2
        3364           2
        3365           2
        3366           2
        3367           2
        3368           2
        3369           2
        3370           2
        3371           2
        3372           2
        3373           2
        3374           2
        3375           2
        3376           2
        3377           2
        3378           2
        3379           2
        3380           2
        3381           2
        3382           2
        3383           2
        3384           2
        3385           2
        3386           3
        3387           2
        3388           3
        3389           2
        3390           3
        3391           2
        3392           3
        3393           2
        3394           3
        3395           2
        3396           3
        3397           2
        3398           3
        3399           2
        3400           3
        3401           2
        3402           3
        3403           2
        3404           3
        3405           2
        3406           3
        3407           2
        3408           3
        3409           2
        3410           3
        3411           2
        3412           3
        3413           2
        3414           3
        3415           2
        3416           3
        3417           2
        3418           3
        3419           2
        3420           3
        3421           2
        3422           3
        3423           2
        3424           3
        3425           2
        3426           3
        3427           2
        3428           3
        3429           2
        3430           3
        3431           2
        3432           3
        3433           2
        3434           3
        3435           2
        3436           3
        3437           2
        3438           3
        3439           2
        3440           2
        3441           3
        3442           2
        3443           3
        3444           2
        3445           3
        3446           2
        3447           2
        3448           3
        3449           2
        3450           3
        3451           2
        3452           3
        3453           2
        3454           2
        3455           3
        3456           2
        3457           2
        3458           2
        3459           2
        3460           2
        3461           2
        3462           2
        3463           2
        3464           2
        3465           2
        3466           2
        3467           2
        3468           2
        3469           2
        3470           2
        3471           2
        3472           2
        3473           2
        3474           2
        3475           2
        3476           2
        3477           2
        3478           2
        3479           2
        3480           2
        3481           2
        3482           2
        3483           2
        3484           2
        3485           2
        3486           2
        3487           2
        3488           2
        3489           2
        3490           2
        3491           2
        3492           2
        3493           2
        3494           2
        3495           2
        3496           2
        3497           2
        3498           2
        3499           2
        3500           2
        3501           2
        3502           2
        3503           2
        3504           2
        3505           2
        3506           3
        3507           2
        3508           3
        3509           2
        3510           2
        3511           3
        3512           2
        3513           2
        3514           2
        3515           2
        3516           3
        3517           2
        3518           2
        3519           2
        3520           2
        3521           3
        3522           2
        3523           2
        3524           2
        3525           2
        3526           2
        3527           2
        3528           2
        3529           2
        3530           2
        3531           2
        3532           2
        3533           2
        3534           2
        3535           2
        3536           2
        3537           2
        3538           2
        3539           2
        3540           2
        3541           2
        3542           2
        3543           2
        3544           2
        3545           2
        3546           2
        3547           2
        3548           2
        3549           2
        3550           2
        3551           2
        3552           2
        3553           2
        3554           2
        3555           2
        3556           2
        3557           2
        3558           2
        3559           2
        3560           2
        3561           2
        3562           2
        3563           2
        3564           2
        3565           2
        3566           2
        3567           2
        3568           2
        3569           2
        3570           2
        3571           2
        3572           2
        3573           2
        3574           2
        3575           2
        3576           2
        3577           2
        3578           2
        3579           2
        3580           2
        3581           2
        3582           2
        3583           2
        3584           2
        3585           2
        3586           2
        3587           2
        3588           2
        3589           2
        3590           2
        3591           2
        3592           2
        3593           2
        3594           2
        3595           2
        3596           2
        3597           2
        3598           2
        3599           2
        3600           2
        3601           2
        3602           2
        3603           2
        3604           2
        3605           2
        3606           2
        3607           2
        3608           2
        3609           2
        3610           2
        3611           2
        3612           2
        3613           2
        3614           2
        3615           2
        3616           2
        3617           2
        3618           2
        3619           2
        3620           2
        3621           2
        3622           2
        3623           2
        3624           2
        3625           2
        3626           2
        3627           2
        3628           2
        3629           2
        3630           2
        3631           2
        3632           2
        3633           2
        3634           2
        3635           2
        3636           2
        3637           2
        3638           2
        3639           2
        3640           2
        3641           2
        3642           2
        3643           2
        3644           2
        3645           2
        3646           2
        3647           2
        3648           2
        3649           2
        3650           2
        3651           2
        3652           2
        3653           2
        3654           2
        3655           2
        3656           2
        3657           2
        3658           2
        3659           2
        3660           2
        3661           2
        3662           2
        3663           2
        3664           2
        3665           2
        3666           2
        3667           2
        3668           2
        3669           2
        3670           2
        3671           2
        3672           2
        3673           2
        3674           2
        3675           2
        3676           2
        3677           2
        3678           2
        3679           2
        3680           2
        3681           2
        3682           2
        3683           2
        3684           2
        3685           2
        3686           2
        3687           2
        3688           2
        3689           2
        3690           2
        3691           2
        3692           2
        3693           2
        3694           2
        3695           2
        3696           2
        3697           2
        3698           2
        3699           2
        3700           2
        3701           2
        3702           2
        3703           2
        3704           2
        3705           2
        3706           2
        3707           2
        3708           2
        3709           2
        3710           2
        3711           2
        3712           2
        3713           2
        3714           2
        3715           2
        3716           2
        3717           2
        3718           2
        3719           2
        3720           2
        3721           2
        3722           2
        3723           2
        3724           2
        3725           2
        3726           2
        3727           2
        3728           2
        3729           2
        3730           2
        3731           2
        3732           2
        3733           2
        3734           2
        3735           2
        3736           2
        3737           2
        3738           2
        3739           2
        3740           2
        3741           2
        3742           2
        3743           2
        3744           2
        3745           2
        3746           2
        3747           2
        3748           2
        3749           2
        3750           2
        3751           2
        3752           2
        3753           2
        3754           2
        3755           2
        3756           2
        3757           3
        3758           2
        3759           2
        3760           2
        3761           2
        3762           2
        3763           2
        3764           2
        3765           2
        3766           2
        3767           2
        3768           2
        3769           2
        3770           2
        3771           2
        3772           2
        3773           2
        3774           2
        3775           2
        3776           2
        3777           2
        3778           2
        3779           2
        3780           2
        3781           2
        3782           2
        3783           2
        3784           2
        3785           2
        3786           2
        3787           2
        3788           2
        3789           2
        3790           2
        3791           2
        3792           2
        3793           2
        3794           2
        3795           2
        3796           2
        3797           2
        3798           2
        3799           2
        3800           2
        3801           2
        3802           2
        3803           2
        3804           2
        3805           2
        3806           2
        3807           2
        3808           2
        3809           2
        3810           2
        3811           2
        3812           2
        3813           2
        3814           2
        3815           2
        3816           2
        3817           2
        3818           2
        3819           2
        3820           2
        3821           2
        3822           2
        3823           2
        3824           2
        3825           2
        3826           2
        3827           2
        3828           2
        3829           2
        3830           2
        3831           3
        3832           2
        3833           2
        3834           2
        3835           2
        3836           2
        3837           3
        3838           2
        3839           2
        3840           2
        3841           2
        3842           2
        3843           3
        3844           2
        3845           2
        3846           2
        3847           2
        3848           3
        3849           2
        3850           2
        3851           2
        3852           2
        3853           3
        3854           2
        3855           2
        3856           2
        3857           3
        3858           2
        3859           2
        3860           2
        3861           3
        3862           2
        3863           2
        3864           2
        3865           3
        3866           2
        3867           2
        3868           2
        3869           3
        3870           2
        3871           2
        3872           2
        3873           3
        3874           2
        3875           2
        3876           2
        3877           3
        3878           2
        3879           2
        3880           2
        3881           3
        3882           2
        3883           2
        3884           2
        3885           3
        3886           2
        3887           2
        3888           2
        3889           3
        3890           2
        3891           2
        3892           2
        3893           3
        3894           2
        3895           2
        3896           2
        3897           3
        3898           2
        3899           2
        3900           3
        3901           2
        3902           2
        3903           3
        3904           2
        3905           2
        3906           3
        3907           2
        3908           2
        3909           3
        3910           2
        3911           2
        3912           3
        3913           2
        3914           2
        3915           3
        3916           2
        3917           2
        3918           3
        3919           2
        3920           2
        3921           3
        3922           2
        3923           2
        3924           3
        3925           2
        3926           2
        3927           3
        3928           2
        3929           2
        3930           3
        3931           2
        3932           2
        3933           3
        3934           2
        3935           2
        3936           3
        3937           2
        3938           2
        3939           3
        3940           2
        3941           2
        3942           2
        3943           3
        3944           2
        3945           3
        3946           2
        3947           3
        3948           3
        3949           2
        3950           2
        3951           3
        3952           2
        3953           2
        3954           3
        3955           2
        3956           2
        3957           3
        3958           2
        3959           2
        3960           3
        3961           2
        3962           2
        3963           3
        3964           2
        3965           2
        3966           3
        3967           2
        3968           2
        3969           3
        3970           2
        3971           2
        3972           3
        3973           2
        3974           2
        3975           3
        3976           2
        3977           2
        3978           3
        3979           2
        3980           2
        3981           3
        3982           2
        3983           3
        3984           3
        3985           2
        3986           2
        3987           3
        3988           2
        3989           3
        3990           3
        3991           2
        3992           3
        3993           3
        3994           2
        3995           3
        3996           3
        3997           2
        3998           3
        3999           3
        4000           2
        4001           3
        4002           3
        4003           3
        4004           2
        4005           3
        4006           2
        4007           2
        4008           3
        4009           2
        4010           3
        4011           2
        4012           3
        4013           2
        4014           3
        4015           2
        4016           3
        4017           2
        4018           3
        4019           3
        4020           3
        4021           2
        4022           3
        4023           3
        4024           3
        4025           3
        4026           3
        4027           3
        4028           3
        4029           2
        4030           3
        4031           2
        4032           3
        4033           3
        4034           3
        4035           2
        4036           2
        4037           3
        4038           3
        4039           3
        4040           3
        4041           3
        4042           3
        4043           2
        4044           3
        4045           3
        4046           3
        4047           3
        4048           3
        4049           2
        4050           2
        4051           3
        4052           2
        4053           3
        4054           3
        4055           3
        4056           3
        4057           2
        4058           3
        4059           2
        4060           2
        4061           3
        4062           3
        4063           2
        4064           2
        4065           2
        4066           3
        4067           2
        4068           3
        4069           3
        4070           2
        4071           2
        4072           2
        4073           2
        4074           3
        4075           3
        4076           2
        4077           2
        4078           2
        4079           2
        4080           2
        4081           3
        4082           2
        4083           2
        4084           2
        4085           2
        4086           2
        4087           3
        4088           2
        4089           2
        4090           2
        4091           2
        4092           2
        4093           2
        4094           2
        4095           2
        4096           2
        4097           2
        4098           2
        4099           2
        4100           2
        4101           2
        4102           2
        4103           2
        4104           2
        4105           2
        4106           2
        4107           2
        4108           2
        4109           2
        4110           2
        4111           2
        4112           2
        4113           2
        4114           2
        4115           2
        4116           2
        4117           2
        4118           2
        4119           2
        4120           2
        4121           2
        4122           2
        4123           2
        4124           2
        4125           2
        4126           2
        4127           2
        4128           2
        4129           2
        4130           2
        4131           2
        4132           2
        4133           2
        4134           2
        4135           2
        4136           2
        4137           2
        4138           2
        4139           2
        4140           2
        4141           2
        4142           2
        4143           2
        4144           2
        4145           2
        4146           2
        4147           2
        4148           2
        4149           2
        4150           2
        4151           2
        4152           2
        4153           2
        4154           2
        4155           2
        4156           2
        4157           2
        4158           2
        4159           4
        4160           2
        4161           4
        4162           2
        4163           4
        4164           3
        4165           4
        4166           3
        4167           4
        4168           2
        4169           4
        4170           2
        4171           4
        4172           3
        4173           4
        4174           3
        4175           4
        4176           2
        4177           4
        4178           2
        4179           4
        4180           2
        4181           4
        4182           2
        4183           2
        4184           2
        4185           2
        4186           3
        4187           2
        4188           2
        4189           2
        4190           3
        4191           2
        4192           3
        4193           3
        4194           3
        4195           2
        4196           3
        4197           2
        4198           2
        4199           2
        4200           2
        4201           4
        4202           2
        4203           2
        4204           2
        4205           2
        4206           2
        4207           2
        4208           2
        4209           2
        4210           2
        4211           2
        4212           2
        4213           2
        4214           2
        4215           2
        4216           2
        4217           3
        4218           3
        4219           2
        4220           2
        4221           2
        4222           2
        4223           2
        4224           2
        4225           2
        4226           2
        4227           2
        4228           3
        4229           2
        4230           2
        4231           2
        4232           2
        4233           2
        4234           2
        4235           2
        4236           2
        4237           2
        4238           3
        4239           2
        4240           2
        4241           2
        4242           2
        4243           2
        4244           2
        4245           2
        4246           2
        4247           2
        4248           3
        4249           2
        4250           2
        4251           2
        4252           2
        4253           2
        4254           2
        4255           2
        4256           2
        4257           3
        4258           2
        4259           2
        4260           2
        4261           2
        4262           2
        4263           2
        4264           2
        4265           2
        4266           3
        4267           2
        4268           2
        4269           2
        4270           2
        4271           2
        4272           2
        4273           2
        4274           2
        4275           3
        4276           2
        4277           2
        4278           2
        4279           2
        4280           2
        4281           2
        4282           2
        4283           2
        4284           3
        4285           2
        4286           2
        4287           2
        4288           2
        4289           2
        4290           2
        4291           2
        4292           2
        4293           2
        4294           3
        4295           2
        4296           2
        4297           2
        4298           2
        4299           2
        4300           2
        4301           2
        4302           2
        4303           2
        4304           3
        4305           2
        4306           2
        4307           2
        4308           2
        4309           2
        4310           2
        4311           2
        4312           2
        4313           2
        4314           3
        4315           2
        4316           2
        4317           2
        4318           2
        4319           2
        4320           2
        4321           2
        4322           2
        4323           2
        4324           3
        4325           2
        4326           2
        4327           2
        4328           2
        4329           2
        4330           2
        4331           2
        4332           2
        4333           2
        4334           3
        4335           2
        4336           2
        4337           2
        4338           2
        4339           2
        4340           2
        4341           2
        4342           2
        4343           2
        4344           3
        4345           2
        4346           2
        4347           2
        4348           2
        4349           2
        4350           3
        4351           2
        4352           2
        4353           2
        4354           2
        4355           2
        4356           3
        4357           2
        4358           2
        4359           2
        4360           2
        4361           2
        4362           3
        4363           2
        4364           2
        4365           2
        4366           2
        4367           2
        4368           3
        4369           2
        4370           2
        4371           2
        4372           3
        4373           2
        4374           3
        4375           2
        4376           2
        4377           2
        4378           2
        4379           2
        4380           3
        4381           2
        4382           2
        4383           2
        4384           2
        4385           2
        4386           3
        4387           2
        4388           2
        4389           2
        4390           2
        4391           2
        4392           3
        4393           5
        4394           2
        4395           3
        4396           2
        4397           3
        4398           5
        4399           3
        4400           3
        4401           3
        4402           2
        4403           5
        4404           3
        4405           2
        4406           3
        4407           2
        4408           2
        4409           2
        4410           3
        4411           5
        4412           2
        4413           3
        4414           3
        4415           3
        4416           5
        4417           3
        4418           3
        4419           3
        4420           2
        4421           2
        4422           3
        4423           2
        4424           2
        4425           2
        4426           3
        4427           2
        4428           2
        4429           3
        4430           3
        4431           3
        4432           2
        4433           2
        4434           3
        4435           2
        4436           2
        4437           2
        4438           2
        4439           2
        4440           3
        4441           2
        4442           3
        4443           3
        4444           3
        4445           2
        4446           2
        4447           2
        4448           2
        4449           2
        4450           2
        4451           2
        4452           2
        4453           3
        4454           2
        4455           2
        4456           3
        4457           3
        4458           3
        4459           2
        4460           2
        4461           2
        4462           2
        4463           2
        4464           2
        4465           2
        4466           2
        4467           3
        4468           2
        4469           2
        4470           3
        4471           3
        4472           3
        4473           2
        4474           2
        4475           2
        4476           3
        4477           2
        4478           3
        4479           2
        4480           3
        4481           2
        4482           2
        4483           2
        4484           3
        4485           3
        4486           3
        4487           2
        4488           2
        4489           3
        4490           2
        4491           2
        4492           2
        4493           3
        4494           2
        4495           2
        4496           3
        4497           3
        4498           3
        4499           3
        4500           3
        4501           2
        4502           3
        4503           2
        4504           3
        4505           3
        4506           2
        4507           2
        4508           3
        4509           3
        4510           2
        4511           3
        4512           2
        4513           2
        4514           3
        4515           2
        4516           2
        4517           3
        4518           2
        4519           2
        4520           3
        4521           2
        4522           3
        4523           3
        4524           2
        4525           2
        4526           3
        4527           2
        4528           2
        4529           3
        4530           3
        4531           2
        4532           3
        4533           2
        4534           2
        4535           3
        4536           3
        4537           2
        4538           3
        4539           2
        4540           3
        4541           3
        4542           3
        4543           2
        4544           3
        4545           2
        4546           2
        4547           3
        4548           3
        4549           2
        4550           3
        4551           2
        4552           2
        4553           3
        4554           3
        4555           2
        4556           3
        4557           3
        4558           3
        4559           3
        4560           3
        4561           2
        4562           3
        4563           2
        4564           2
        4565           3
        4566           3
        4567           3
        4568           2
        4569           3
        4570           2
        4571           2
        4572           3
        4573           3
        4574           2
        4575           2
        4576           2
        4577           3
        4578           3
        4579           3
        4580           2
        4581           3
        4582           2
        4583           2
        4584           3
        4585           3
        4586           2
        4587           2
        4588           2
        4589           3
        4590           3
        4591           2
        4592           3
        4593           3
        4594           2
        4595           3
        4596           3
        4597           2
        4598           3
        4599           2
        4600           2
        4601           2
        4602           3
        4603           2
        4604           3
        4605           2
        4606           2
        4607           2
        4608           3
        4609           3
        4610           2
        4611           2
        4612           2
        4613           2
        4614           3
        4615           2
        4616           2
        4617           2
        4618           2
        4619           2
        4620           3
        4621           2
        4622           2
        4623           2
        4624           2
        4625           2
        4626           3
        4627           2
        4628           2
        4629           2
        4630           2
        4631           3
        4632           3
        4633           2
        4634           2
        4635           2
        4636           2
        4637           2
        4638           3
        4639           3
        4640           2
        4641           2
        4642           2
        4643           2
        4644           3
        4645           2
        4646           2
        4647           2
        4648           2
        4649           2
        4650           3
        4651           2
        4652           2
        4653           2
        4654           3
        4655           2
        4656           3
        4657           2
        4658           2
        4659           2
        4660           2
        4661           2
        4662           3
        4663           2
        4664           2
        4665           2
        4666           2
        4667           3
        4668           3
        4669           2
        4670           2
        4671           2
        4672           2
        4673           2
        4674           3
        4675           2
        4676           2
        4677           2
        4678           2
        4679           2
        4680           3
        4681           2
        4682           2
        4683           2
        4684           2
        4685           3
        4686           3
        4687           2
        4688           2
        4689           2
        4690           2
        4691           2
        4692           3
        4693           2
        4694           2
        4695           2
        4696           2
        4697           2
        4698           3
        4699           2
        4700           2
        4701           2
        4702           2
        4703           3
        4704           3
        4705           2
        4706           2
        4707           2
        4708           2
        4709           2
        4710           3
        4711           2
        4712           2
        4713           2
        4714           2
        4715           2
        4716           3
        4717           2
        4718           2
        4719           2
        4720           2
        4721           2
        4722           3
        4723           2
        4724           2
        4725           2
        4726           2
        4727           2
        4728           3
        4729           2
        4730           2
        4731           2
        4732           2
        4733           2
        4734           3
        4735           3
        4736           2
        4737           2
        4738           2
        4739           2
        4740           3
        4741           2
        4742           2
        4743           2
        4744           2
        4745           2
        4746           3
        4747           3
        4748           2
        4749           2
        4750           2
        4751           2
        4752           3
        4753           2
        4754           2
        4755           3
        4756           2
        4757           2
        4758           3
        4759           2
        4760           3
        4761           3
        4762           2
        4763           2
        4764           3
        4765           2
        4766           2
        4767           2
        4768           2
        4769           2
        4770           3
        4771           2
        4772           2
        4773           2
        4774           3
        4775           2
        4776           3
        4777           2
        4778           2
        4779           2
        4780           2
        4781           2
        4782           3
        4783           2
        4784           2
        4785           2
        4786           2
        4787           2
        4788           3
        4789           2
        4790           2
        4791           3
        4792           2
        4793           2
        4794           3
        4795           3
        4796           2
        4797           2
        4798           2
        4799           2
        4800           3
        4801           2
        4802           2
        4803           3
        4804           2
        4805           2
        4806           3
        4807           2
        4808           3
        4809           2
        4810           3
        4811           2
        4812           3
        4813           2
        4814           2
        4815           2
        4816           3
        4817           2
        4818           3
        4819           3
        4820           2
        4821           2
        4822           3
        4823           2
        4824           3
        4825           3
        4826           3
        4827           3
        4828           3
        4829           3
        4830           3
        4831           2
        4832           3
        4833           3
        4834           3
        4835           2
        4836           3
        4837           3
        4838           3
        4839           2
        4840           3
        4841           3
        4842           3
        4843           3
        4844           3
        4845           2
        4846           3
        4847           2
        4848           3
        4849           2
        4850           3
        4851           3
        4852           3
        4853           3
        4854           3
        4855           2
        4856           3
        4857           2
        4858           3
        4859           2
        4860           3
        4861           2
        4862           3
        4863           2
        4864           3
        4865           3
        4866           3
        4867           3
        4868           3
        4869           2
        4870           3
        4871           2
        4872           3
        4873           2
        4874           3
        4875           2
        4876           3
        4877           2
        4878           3
        4879           3
        4880           3
        4881           3
        4882           3
        4883           2
        4884           3
        4885           2
        4886           3
        4887           3
        4888           3
        4889           2
        4890           3
        4891           2
        4892           3
        4893           3
        4894           3
        4895           3
        4896           3
        4897           5
        4898           3
        4899           2
        4900           3
        4901           2
        4902           3
        4903           2
        4904           3
        4905           5
        4906           3
        4907           3
        4908           3
        4909           3
        4910           5
        4911           2
        4912           3
        4913           2
        4914           3
        4915           5
        4916           3
        4917           3
        4918           3
        4919           3
        4920           5
        4921           2
        4922           3
        4923           3
        4924           3
        4925           5
        4926           3
        4927           3
        4928           3
        4929           3
        4930           2
        4931           2
        4932           3
        4933           2
        4934           3
        4935           3
        4936           2
        4937           2
        4938           3
        4939           2
        4940           2
        4941           3
        4942           2
        4943           3
        4944           3
        4945           2
        4946           2
        4947           3
        4948           2
        4949           2
        4950           3
        4951           3
        4952           2
        4953           3
        4954           2
        4955           2
        4956           3
        4957           2
        4958           2
        4959           3
        4960           2
        4961           2
        4962           3
        4963           3
        4964           2
        4965           3
        4966           2
        4967           2
        4968           3
        4969           2
        4970           2
        4971           3
        4972           2
        4973           3
        4974           3
        4975           2
        4976           3
        4977           3
        4978           2
        4979           2
        4980           3
        4981           2
        4982           2
        4983           3
        4984           2
        4985           2
        4986           3
        4987           3
        4988           2
        4989           3
        4990           3
        4991           2
        4992           2
        4993           3
        4994           2
        4995           2
        4996           3
        4997           3
        4998           2
        4999           3
        5000           3
        5001           3
        5002           3
        5003           3
        5004           3
        5005           3
        5006           2
        5007           3
        5008           2
        5009           3
        5010           3
        5011           3
        5012           3
        5013           3
        5014           3
        5015           3
        5016           3
        5017           2
        5018           3
        5019           2
        5020           3
        5021           2
        5022           3
        5023           2
        5024           3
        5025           3
        5026           3
        5027           2
        5028           3
        5029           2
        5030           3
        5031           2
        5032           3
        5033           2
        5034           3
        5035           3
        5036           2
        5037           3
        5038           2
        5039           3
        5040           2
        5041           3
        5042           2
        5043           2
        5044           3
        5045           2
        5046           2
        5047           3
        5048           2
        5049           3
        5050           3
        5051           2
        5052           2
        5053           3
        5054           2
        5055           2
        5056           2
        5057           3
        5058           2
        5059           2
        5060           2
        5061           3
        5062           2
        5063           2
        5064           2
        5065           2
        5066           2
        5067           2
        5068           2
        5069           2
        5070           2
        5071           2
        5072           2
        5073           2
        5074           2
        5075           2
        5076           2
        5077           2
        5078           2
        5079           3
        5080           2
        5081           2
        5082           2
        5083           2
        5084           2
        5085           2
        5086           2
        5087           2
        5088           2
        5089           2
        5090           2
        5091           2
        5092           2
        5093           2
        5094           2
        5095           2
        5096           2
        5097           2
        5098           2
        5099           2
        5100           2
        5101           2
        5102           2
        5103           3
        5104           2
        5105           2
        5106           2
        5107           2
        5108           2
        5109           2
        5110           2
        5111           2
        5112           2
        5113           2
        5114           2
        5115           2
        5116           2
        5117           2
        5118           2
        5119           2
        5120           2
        5121           2
        5122           2
        5123           2
        5124           2
        5125           3
        5126           2
        5127           2
        5128           2
        5129           2
        5130           2
        5131           2
        5132           2
        5133           2
        5134           2
        5135           2
        5136           2
        5137           3
        5138           2
        5139           2
        5140           2
        5141           2
        5142           2
        5143           2
        5144           2
        5145           2
        5146           2
        5147           2
        5148           3
        5149           2
        5150           2
        5151           2
        5152           3
        5153           2
        5154           2
        5155           3
        5156           2
        5157           2
        5158           2
        5159           2
        5160           2
        5161           2
        5162           2
        5163           3
        5164           2
        5165           2
        5166           2
        5167           2
        5168           2
        5169           2
        5170           2
        5171           2
        5172           2
        5173           2
        5174           2
        5175           2
        5176           2
        5177           2
        5178           2
        5179           2
        5180           3
        5181           3
        5182           3
        5183           2
        5184           3
        5185           3
        5186           3
        5187           3
        5188           3
        5189           3
        5190           3
        5191           3
        5192           3
        5193           3
        5194           3
        5195           2
        5196           3
        5197           2
        5198           3
        5199           3
        5200           3
        5201           3
        5202           3
        5203           3
        5204           3
        5205           3
        5206           3
        5207           2
        5208           3
        5209           2
        5210           3
        5211           2
        5212           3
        5213           2
        5214           3
        5215           2
        5216           3
        5217           2
        5218           3
        5219           2
        5220           3
        5221           2
        5222           3
        5223           3
        5224           3
        5225           2
        5226           3
        5227           2
        5228           3
        5229           2
        5230           3
        5231           2
        5232           3
        5233           2
        5234           3
        5235           2
        5236           3
        5237           2
        5238           3
        5239           3
        5240           3
        5241           3
        5242           3
        5243           2
        5244           3
        5245           2
        5246           3
        5247           3
        5248           3
        5249           3
        5250           3
        5251           3
        5252           3
        5253           3
        5254           3
        5255           3
        5256           3
        5257           2
        5258           3
        5259           2
        5260           3
        5261           3
        5262           3
        5263           3
        5264           3
        5265           3
        5266           3
        5267           3
        5268           3
        5269           3
        5270           3
        5271           2
        5272           3
        5273           2
        5274           3
        5275           3
        5276           3
        5277           3
        5278           3
        5279           2
        5280           3
        5281           2
        5282           3
        5283           3
        5284           3
        5285           2
        5286           3
        5287           2
        5288           3
        5289           2
        5290           3
        5291           2
        5292           3
        5293           2
        5294           3
        5295           2
        5296           3
        5297           2
        5298           3
        5299           3
        5300           3
        5301           2
        5302           3
        5303           2
        5304           3
        5305           3
        5306           3
        5307           2
        5308           3
        5309           2
        5310           3
        5311           3
        5312           3
        5313           2
        5314           3
        5315           2
        5316           3
        5317           3
        5318           3
        5319           2
        5320           3
        5321           2
        5322           3
        5323           3
        5324           3
        5325           2
        5326           3
        5327           2
        5328           3
        5329           3
        5330           3
        5331           2
        5332           3
        5333           3
        5334           3
        5335           3
        5336           3
        5337           3
        5338           3
        5339           2
        5340           3
        5341           3
        5342           3
        5343           3
        5344           3
        5345           3
        5346           3
        5347           3
        5348           3
        5349           2
        5350           3
        5351           3
        5352           2
        5353           3
        5354           3
        5355           3
        5356           3
        5357           3
        5358           3
        5359           3
        5360           3
        5361           3
        5362           3
        5363           3
        5364           2
        5365           4
        5366           3
        5367           2
        5368           4
        5369           3
        5370           2
        5371           4
        5372           3
        5373           2
        5374           4
        5375           3
        5376           2
        5377           4
        5378           3
        5379           2
        5380           4
        5381           3
        5382           2
        5383           4
        5384           3
        5385           2
        5386           4
        5387           3
        5388           2
        5389           4
        5390           3
        5391           2
        5392           4
        5393           3
        5394           2
        5395           4
        5396           3
        5397           2
        5398           4
        5399           3
        5400           2
        5401           4
        5402           3
        5403           3
        5404           4
        5405           3
        5406           2
        5407           4
        5408           3
        5409           2
        5410           4
        5411           3
        5412           2
        5413           4
        5414           3
        5415           3
        5416           4
        5417           3
        5418           2
        5419           4
        5420           3
        5421           2
        5422           4
        5423           3
        5424           2
        5425           3
        5426           3
        5427           3
        5428           2
        5429           3
        5430           2
        5431           3
        5432           2
        5433           3
        5434           2
        5435           2
        5436           3
        5437           3
        5438           2
        5439           2
        5440           2
        5441           3
        5442           2
        5443           3
        5444           2
        5445           3
        5446           3
        5447           3
        5448           2
        5449           3
        5450           2
        5451           3
        5452           3
        5453           3
        5454           2
        5455           2
        5456           3
        5457           3
        5458           2
        5459           2
        5460           2
        5461           3
        5462           3
        5463           3
        5464           3
        5465           3
        5466           2
        5467           2
        5468           3
        5469           2
        5470           3
        5471           2
        5472           3
        5473           2
        5474           2
        5475           3
        5476           2
        5477           2
        5478           2
        5479           2
        5480           3
        5481           2
        5482           3
        5483           2
        5484           2
        5485           3
        5486           2
        5487           2
        5488           2
        5489           2
        5490           3
        5491           2
        5492           2
        5493           2
        5494           2
        5495           2
        5496           3
        5497           2
        5498           3
        5499           2
        5500           2
        5501           2
        5502           3
        5503           2
        5504           2
        5505           2
        5506           2
        5507           3
        5508           3
        5509           2
        5510           3
        5511           2
        5512           2
        5513           2
        5514           2
        5515           3
        5516           2
        5517           3
        5518           2
        5519           2
        5520           3
        5521           2
        5522           2
        5523           3
        5524           2
        5525           3
        5526           2
        5527           3
        5528           2
        5529           3
        5530           2
        5531           3
        5532           3
        5533           3
        5534           3
        5535           3
        5536           3
        5537           3
        5538           3
        5539           3
        5540           3
        5541           3
        5542           3
        5543           3
        5544           3
        5545           3
        5546           3
        5547           3
        5548           3
        5549           3
        5550           3
        5551           3
        5552           3
        5553           3
        5554           3
        5555           2
        5556           3
        5557           2
        5558           2
        5559           3
        5560           2
        5561           2
        5562           3
        5563           2
        5564           3
        5565           3
        5566           2
        5567           2
        5568           3
        5569           3
        5570           2
        5571           3
        5572           2
        5573           2
        5574           3
        5575           2
        5576           2
        5577           3
        5578           2
        5579           3
        5580           3
        5581           3
        5582           2
        5583           3
        5584           2
        5585           3
        5586           2
        5587           3
        5588           2
        5589           3
        5590           3
        5591           3
        5592           2
        5593           3
        5594           2
        5595           3
        5596           3
        5597           3
        5598           2
        5599           3
        5600           2
        5601           3
        5602           2
        5603           3
        5604           2
        5605           3
        5606           2
        5607           3
        5608           2
        5609           3
        5610           2
        5611           3
        5612           2
        5613           3
        5614           2
        5615           3
        5616           3
        5617           3
        5618           2
        5619           3
        5620           2
        5621           3
        5622           2
        5623           3
        5624           2
        5625           3
        5626           2
        5627           3
        5628           2
        5629           3
        5630           2
        5631           3
        5632           2
        5633           3
        5634           3
        5635           3
        5636           2
        5637           3
        5638           2
        5639           3
        5640           2
        5641           3
        5642           3
        5643           3
        5644           2
        5645           3
        5646           2
        5647           3
        5648           2
        5649           3
        5650           2
        5651           3
        5652           2
        5653           2
        5654           3
        5655           2
        5656           3
        5657           2
        5658           3
        5659           3
        5660           3
        5661           2
        5662           3
        5663           2
        5664           2
        5665           3
        5666           3
        5667           2
        5668           3
        5669           2
        5670           2
        5671           3
        5672           2
        5673           2
        5674           3
        5675           2
        5676           2
        5677           3
        5678           2
        5679           2
        5680           3
        5681           2
        5682           2
        5683           3
        5684           2
        5685           2
        5686           3
        5687           3
        5688           2
        5689           3
        5690           2
        5691           2
        5692           3
        5693           2
        5694           2
        5695           3
        5696           2
        5697           2
        5698           2
        5699           3
        5700           2
        5701           2
        5702           3
        5703           3
        5704           2
        5705           2
        5706           2
        5707           3
        5708           2
        5709           3
        5710           2
        5711           2
        5712           2
        5713           2
        5714           2
        5715           2
        5716           3
        5717           2
        5718           2
        5719           3
        5720           2
        5721           2
        5722           2
        5723           2
        5724           3
        5725           2
        5726           3
        5727           2
        5728           3
        5729           2
        5730           3
        5731           3
        5732           3
        5733           2
        5734           3
        5735           2
        5736           2
        5737           2
        5738           2
        5739           2
        5740           2
        5741           3
        5742           2
        5743           2
        5744           2
        5745           2
        5746           2
        5747           2
        5748           2
        5749           2
        5750           2
        5751           3
        5752           2
        5753           2
        5754           2
        5755           2
        5756           2
        5757           3
        5758           2
        5759           3
        5760           2
        5761           3
        5762           2
        5763           3
        5764           2
        5765           3
        5766           2
        5767           3
        5768           2
        5769           3
        5770           2
        5771           3
        5772           3
        5773           3
        5774           2
        5775           3
        5776           3
        5777           3
        5778           2
        5779           2
        5780           2
        5781           3
        5782           3
        5783           3
        5784           2
        5785           3
        5786           2
        5787           3
        5788           2
        5789           3
        5790           2
        5791           3
        5792           2
        5793           2
        5794           3
        5795           2
        5796           3
        5797           3
        5798           3
        5799           2
        5800           3
        5801           3
        5802           3
        5803           2
        5804           3
        5805           2
        5806           2
        5807           2
        5808           2
        5809           2
        5810           2
        5811           2
        5812           2
        5813           2
        5814           3
        5815           2
        5816           2
        5817           2
        5818           2
        5819           3
        5820           2
        5821           2
        5822           3
        5823           3
        5824           2
        5825           2
        5826           2
        5827           2
        5828           2
        5829           2
        5830           3
        5831           2
        5832           2
        5833           2
        5834           2
        5835           2
        5836           3
        5837           2
        5838           2
        5839           2
        5840           2
        5841           3
        5842           2
        5843           2
        5844           2
        5845           2
        5846           2
        5847           2
        5848           3
        5849           2
        5850           2
        5851           2
        5852           2
        5853           2
        5854           2
        5855           2
        5856           2
        5857           2
        5858           2
        5859           2
        5860           3
        5861           2
        5862           2
        5863           2
        5864           2
        5865           2
        5866           2
        5867           2
        5868           2
        5869           3
        5870           2
        5871           2
        5872           3
        5873           2
        5874           2
        5875           2
        5876           2
        5877           2
        5878           2
        5879           2
        5880           2
        5881           2
        5882           2
        5883           2
        5884           3
        5885           2
        5886           2
        5887           2
        5888           2
        5889           2
        5890           2
        5891           2
        5892           2
        5893           2
        5894           2
        5895           2
        5896           2
        5897           2
        5898           2
        5899           2
        5900           2
        5901           2
        5902           2
        5903           2
        5904           3
        5905           3
        5906           2
        5907           2
        5908           2
        5909           2
        5910           2
        5911           2
        5912           2
        5913           2
        5914           3
        5915           2
        5916           2
        5917           2
        5918           2
        5919           2
        5920           2
        5921           2
        5922           2
        5923           2
        5924           2
        5925           2
        5926           2
        5927           2
        5928           2
        5929           3
        5930           2
        5931           2
        5932           2
        5933           2
        5934           2
        5935           2
        5936           3
        5937           2
        5938           2
        5939           2
        5940           2
        5941           2
        5942           3
        5943           2
        5944           2
        5945           3
        5946           3
        5947           2
        5948           2
        5949           2
        5950           2
        5951           3
        5952           2
        5953           3
        5954           2
        5955           3
        5956           2
        5957           3
        5958           2
        5959           3
        5960           2
        5961           3
        5962           2
        5963           3
        5964           2
        5965           3
        5966           2
        5967           3
        5968           2
        5969           3
        5970           2
        5971           3
        5972           2
        5973           3
        5974           2
        5975           3
        5976           3
        5977           2
        5978           3
        5979           2
        5980           3
        5981           2
        5982           2
        5983           3
        5984           2
        5985           2
        5986           3
        5987           2
        5988           2
        5989           3
        5990           2
        5991           2
        5992           3
        5993           3
        5994           2
        5995           3
        5996           2
        5997           2
        5998           3
        5999           2
        6000           2
        6001           3
        6002           2
        6003           2
        6004           3
        6005           3
        6006           2
        6007           3
        6008           2
        6009           2
        6010           3
        6011           2
        6012           2
        6013           3
        6014           3
        6015           3
        6016           2
        6017           3
        6018           3
        6019           3
        6020           2
        6021           3
        6022           4
        6023           2
        6024           2
        6025           2
        6026           3
        6027           3
        6028           3
        6029           2
        6030           2
        6031           3
        6032           2
        6033           3
        6034           2
        6035           3
        6036           3
        6037           3
        6038           2
        6039           3
        6040           2
        6041           3
        6042           3
        6043           2
        6044           2
        6045           2
        6046           2
        6047           3
        6048           3
        6049           3
        6050           2
        6051           2
        6052           2
        6053           3
        6054           2
        6055           2
        6056           3
        6057           2
        6058           3
        6059           2
        6060           2
        6061           2
        6062           2
        6063           2
        6064           3
        6065           3
        6066           2
        6067           2
        6068           3
        6069           2
        6070           2
        6071           2
        6072           3
        6073           2
        6074           2
        6075           2
        6076           3
        6077           3
        6078           2
        6079           3
        6080           2
        6081           2
        6082           2
        6083           2
        6084           2
        6085           3
        6086           3
        6087           2
        6088           2
        6089           2
        6090           3
        6091           2
        6092           2
        6093           3
        6094           2
        6095           3
        6096           2
        6097           2
        6098           2
        6099           3
        6100           3
        6101           2
        6102           2
        6103           2
        6104           3
        6105           2
        6106           3
        6107           3
        6108           3
        6109           2
        6110           3
        6111           2
        6112           3
        6113           3
        6114           3
        6115           2
        6116           3
        6117           3
        6118           3
        6119           2
        6120           3
        6121           2
        6122           3
        6123           2
        6124           3
        6125           2
        6126           3
        6127           2
        6128           3
        6129           3
        6130           3
        6131           2
        6132           3
        6133           3
        6134           3
        6135           2
        6136           3
        6137           2
        6138           3
        6139           3
        6140           3
        6141           2
        6142           3
        6143           3
        6144           3
        6145           2
        6146           3
        6147           2
        6148           3
        6149           2
        6150           3
        6151           3
        6152           3
        6153           2
        6154           3
        6155           2
        6156           3
        6157           3
        6158           3
        6159           2
        6160           3
        6161           2
        6162           3
        6163           3
        6164           3
        6165           2
        6166           3
        6167           2
        6168           3
        6169           3
        6170           3
        6171           3
        6172           3
        6173           3
        6174           3
        6175           2
        6176           3
        6177           2
        6178           3
        6179           3
        6180           3
        6181           3
        6182           3
        6183           3
        6184           3
        6185           3
        6186           3
        6187           2
        6188           3
        6189           3
        6190           3
        6191           3
        6192           3
        6193           2
        6194           3
        6195           3
        6196           3
        6197           3
        6198           3
        6199           2
        6200           3
        6201           3
        6202           3
        6203           3
        6204           3
        6205           2
        6206           3
        6207           3
        6208           3
        6209           3
        6210           3
        6211           2
        6212           3
        6213           3
        6214           3
        6215           3
        6216           3
        6217           2
        6218           3
        6219           3
        6220           3
        6221           3
        6222           3
        6223           2
        6224           3
        6225           3
        6226           3
        6227           2
        6228           3
        6229           2
        6230           3
        6231           3
        6232           3
        6233           2
        6234           3
        6235           3
        6236           3
        6237           2
        6238           3
        6239           3
        6240           3
        6241           3
        6242           3
        6243           3
        6244           3
        6245           2
        6246           3
        6247           3
        6248           3
        6249           2
        6250           3
        6251           3
        6252           3
        6253           2
        6254           3
        6255           3
        6256           3
        6257           3
        6258           3
        6259           3
        6260           3
        6261           2
        6262           3
        6263           3
        6264           3
        6265           2
        6266           3
        6267           3
        6268           3
        6269           2
        6270           3
        6271           3
        6272           3
        6273           3
        6274           3
        6275           3
        6276           3
        6277           3
        6278           3
        6279           3
        6280           3
        6281           3
        6282           3
        6283           3
        6284           3
        6285           3
        6286           3
        6287           3
        6288           3
        6289           3
        6290           3
        6291           3
        6292           2
        6293           3
        6294           3
        6295           3
        6296           3
        6297           3
        6298           2
        6299           3
        6300           3
        6301           3
        6302           3
        6303           3
        6304           3
        6305           3
        6306           3
        6307           3
        6308           2
        6309           3
        6310           2
        6311           3
        6312           3
        6313           3
        6314           3
        6315           3
        6316           2
        6317           3
        6318           3
        6319           3
        6320           2
        6321           3
        6322           2
        6323           3
        6324           3
        6325           3
        6326           2
        6327           3
        6328           2
        6329           3
        6330           3
        6331           2
        6332           3
        6333           3
        6334           3
        6335           3
        6336           3
        6337           3
        6338           3
        6339           3
        6340           2
        6341           3
        6342           3
        6343           3
        6344           2
        6345           3
        6346           3
        6347           3
        6348           3
        6349           3
        6350           2
        6351           3
        6352           3
        6353           3
        6354           2
        6355           3
        6356           2
        6357           3
        6358           2
        6359           3
        6360           3
        6361           3
        6362           3
        6363           3
        6364           3
        6365           3
        6366           3
        6367           3
        6368           3
        6369           3
        6370           2
        6371           3
        6372           3
        6373           3
        6374           2
        6375           3
        6376           2
        6377           3
        6378           3
        6379           3
        6380           3
        6381           3
        6382           3
        6383           2
        6384           3
        6385           3
        6386           2
        6387           3
        6388           3
        6389           2
        6390           3
        6391           3
        6392           3
        6393           3
        6394           3
        6395           3
        6396           3
        6397           3
        6398           2
        6399           3
        6400           3
        6401           3
        6402           3
        6403           3
        6404           3
        6405           2
        6406           3
        6407           2
        6408           3
        6409           3
        6410           2
        6411           2
        6412           3
        6413           3
        6414           2
        6415           3
        6416           3
        6417           3
        6418           2
        6419           2
        6420           2
        6421           3
        6422           3
        6423           3
        6424           2
        6425           3
        6426           2
        6427           2
        6428           2
        6429           3
        6430           3
        6431           3
        6432           3
        6433           3
        6434           2
        6435           2
        6436           2
        6437           3
        6438           2
        6439           2
        6440           3
        6441           3
        6442           2
        6443           2
        6444           2
        6445           2
        6446           3
        6447           2
        6448           2
        6449           2
        6450           2
        6451           3
        6452           2
        6453           2
        6454           2
        6455           2
        6456           3
        6457           2
        6458           2
        6459           2
        6460           2
        6461           3
        6462           2
        6463           2
        6464           2
        6465           2
        6466           3
        6467           3
        6468           2
        6469           2
        6470           3
        6471           3
        6472           2
        6473           2
        6474           3
        6475           2
        6476           3
        6477           2
        6478           2
        6479           2
        6480           3
        6481           3
        6482           2
        6483           2
        6484           2
        6485           2
        6486           3
        6487           3
        6488           2
        6489           2
        6490           3
        6491           3
        6492           2
        6493           2
        6494           2
        6495           3
        6496           3
        6497           2
        6498           2
        6499           2
        6500           3
        6501           3
        6502           2
        6503           2
        6504           3
        6505           2
        6506           2
        6507           3
        6508           3
        6509           2
        6510           2
        6511           3
        6512           2
        6513           2
        6514           2
        6515           3
        6516           3
        6517           2
        6518           2
        6519           3
        6520           2
        6521           2
        6522           3
        6523           2
        6524           2
        6525           2
        6526           2
        6527           2
        6528           2
        6529           3
        6530           2
        6531           2
        6532           2
        6533           3
        6534           2
        6535           2
        6536           3
        6537           2
        6538           2
        6539           2
        6540           3
        6541           3
        6542           2
        6543           3
        6544           2
        6545           2
        6546           3
        6547           2
        6548           3
        6549           2
        6550           3
        6551           3
        6552           3
        6553           2
        6554           3
        6555           2
        6556           3
        6557           3
        6558           3
        6559           2
        6560           3
        6561           2
        6562           3
        6563           3
        6564           3
        6565           3
        6566           3
        6567           3
        6568           3
        6569           2
        6570           3
        6571           3
        6572           3
        6573           2
        6574           3
        6575           3
        6576           3
        6577           2
        6578           3
        6579           3
        6580           3
        6581           2
        6582           3
        6583           2
        6584           3
        6585           2
        6586           3
        6587           3
        6588           3
        6589           3
        6590           3
        6591           2
        6592           3
        6593           2
        6594           3
        6595           2
        6596           3
        6597           2
        6598           3
        6599           2
        6600           3
        6601           2
        6602           3
        6603           2
        6604           3
        6605           2
        6606           3
        6607           3
        6608           3
        6609           3
        6610           3
        6611           3
        6612           3
        6613           3
        6614           3
        6615           3
        6616           3
        6617           3
        6618           3
        6619           3
        6620           3
        6621           3
        6622           3
        6623           3
        6624           3
        6625           2
        6626           3
        6627           3
        6628           3
        6629           3
        6630           3
        6631           2
        6632           3
        6633           2
        6634           3
        6635           2
        6636           3
        6637           3
        6638           3
        6639           2
        6640           3
        6641           2
        6642           3
        6643           2
        6644           3
        6645           2
        6646           3
        6647           2
        6648           3
        6649           2
        6650           3
        6651           2
        6652           3
        6653           2
        6654           3
        6655           2
        6656           3
        6657           2
        6658           3
        6659           2
        6660           3
        6661           2
        6662           3
        6663           2
        6664           3
        6665           3
        6666           3
        6667           3
        6668           3
        6669           3
        6670           3
        6671           3
        6672           3
        6673           3
        6674           3
        6675           3
        6676           3
        6677           3
        6678           3
        6679           3
        6680           3
        6681           3
        6682           3
        6683           3
        6684           3
        6685           3
        6686           3
        6687           3
        6688           3
        6689           3
        6690           3
        6691           3
        6692           3
        6693           3
        6694           3
        6695           3
        6696           3
        6697           3
        6698           3
        6699           3
        6700           3
        6701           3
        6702           3
        6703           3
        6704           3
        6705           3
        6706           3
        6707           3
        6708           3
        6709           3
        6710           3
        6711           3
        6712           3
        6713           3
        6714           3
        6715           3
        6716           3
        6717           3
        6718           3
        6719           3
        6720           3
        6721           2
        6722           3
        6723           2
        6724           3
        6725           3
        6726           3
        6727           3
        6728           3
        6729           3
        6730           3
        6731           3
        6732           3
        6733           2
        6734           3
        6735           3
        6736           3
        6737           3
        6738           3
        6739           3
        6740           3
        6741           3
        6742           3
        6743           3
        6744           2
        6745           3
        6746           3
        6747           3
        6748           3
        6749           3
        6750           3
        6751           3
        6752           3
        6753           3
        6754           3
        6755           3
        6756           3
        6757           3
        6758           3
        6759           3
        6760           3
        6761           3
        6762           3
        6763           3
        6764           3
        6765           3
        6766           3
        6767           3
        6768           3
        6769           3
        6770           3
        6771           3
        6772           3
        6773           3
        6774           3
        6775           3
        6776           3
        6777           3
        6778           3
        6779           3
        6780           3
        6781           3
        6782           3
        6783           3
        6784           3
        6785           3
        6786           3
        6787           3
        6788           3
        6789           3
        6790           3
        6791           3
        6792           3
        6793           3
        6794           3
        6795           3
        6796           3
        6797           3
        6798           3
        6799           3
        6800           3
        6801           3
        6802           3
        6803           3
        6804           3
        6805           3
        6806           3
        6807           3
        6808           3
        6809           3
        6810           3
        6811           3
        6812           3
        6813           3
        6814           3
        6815           3
        6816           3
        6817           3
        6818           3
        6819           3
        6820           3
        6821           3
        6822           3
        6823           3
        6824           3
        6825           3
        6826           2
        6827           3
        6828           2
        6829           3
        6830           3
        6831           3
        6832           2
        6833           3
        6834           2
        6835           3
        6836           3
        6837           3
        6838           2
        6839           3
        6840           2
        6841           3
        6842           3
        6843           3
        6844           2
        6845           3
        6846           3
        6847           3
        6848           2
        6849           3
        6850           3
        6851           3
        6852           2
        6853           3
        6854           2
        6855           3
        6856           2
        6857           3
        6858           2
        6859           3
        6860           3
        6861           3
        6862           2
        6863           3
        6864           2
        6865           3
        6866           3
        6867           3
        6868           2
        6869           3
        6870           3
        6871           3
        6872           3
        6873           3
        6874           3
        6875           3
        6876           4
        6877           3
        6878           3
        6879           3
        6880           3
        6881           3
        6882           3
        6883           3
        6884           3
        6885           3
        6886           3
        6887           3
        6888           3
        6889           3
        6890           3
        6891           3
        6892           3
        6893           3
        6894           2
        6895           3
        6896           2
        6897           3
        6898           2
        6899           3
        6900           2
        6901           3
        6902           2
        6903           3
        6904           2
        6905           3
        6906           2
        6907           3
        6908           2
        6909           3
        6910           3
        6911           3
        6912           2
        6913           3
        6914           3
        6915           3
        6916           3
        6917           3
        6918           3
        6919           3
        6920           3
        6921           3
        6922           3
        6923           3
        6924           3
        6925           3
        6926           3
        6927           3
        6928           3
        6929           3
        6930           3
        6931           3
        6932           3
        6933           3
        6934           3
        6935           3
        6936           3
        6937           3
        6938           3
        6939           3
        6940           3
        6941           3
        6942           2
        6943           3
        6944           3
        6945           3
        6946           3
        6947           3
        6948           2
        6949           3
        6950           3
        6951           3
        6952           3
        6953           3
        6954           3
        6955           3
        6956           3
        6957           3
        6958           3
        6959           3
        6960           3
        6961           3
        6962           3
        6963           3
        6964           3
        6965           3
        6966           3
        6967           3
        6968           3
        6969           3
        6970           3
        6971           3
        6972           3
        6973           3
        6974           3
        6975           3
        6976           3
        6977           3
        6978           3
        6979           3
        6980           3
        6981           3
        6982           3
        6983           3
        6984           3
        6985           3
        6986           3
        6987           3
        6988           3
        6989           3
        6990           3
        6991           3
        6992           3
        6993           3
        6994           3
        6995           3
        6996           3
        6997           3
        6998           3
        6999           3
        7000           3
        7001           3
        7002           3
        7003           3
        7004           3
        7005           3
        7006           3
        7007           3
        7008           3
        7009           3
        7010           3
        7011           3
        7012           3
        7013           3
        7014           3
        7015           3
        7016           3
        7017           3
        7018           3
        7019           3
        7020           3
        7021           3
        7022           3
        7023           3
        7024           3
        7025           3
        7026           3
        7027           3
        7028           3
        7029           3
        7030           3
        7031           3
        7032           3
        7033           3
        7034           3
        7035           3
        7036           3
        7037           3
        7038           3
        7039           3
        7040           3
        7041           3
        7042           3
        7043           3
        7044           3
        7045           3
        7046           3
        7047           3
        7048           3
        7049           3
        7050           3
        7051           3
        7052           3
        7053           3
        7054           3
        7055           3
        7056           3
        7057           3
        7058           3
        7059           3
        7060           3
        7061           3
        7062           3
        7063           3
        7064           3
        7065           3
        7066           3
        7067           3
        7068           3
        7069           3
        7070           3
        7071           3
        7072           3
        7073           3
        7074           3
        7075           3
        7076           3
        7077           3
        7078           3
        7079           3
        7080           3
        7081           3
        7082           3
        7083           3
        7084           3
        7085           3
        7086           3
        7087           3
        7088           3
        7089           3
        7090           3
        7091           3
        7092           3
        7093           3
        7094           3
        7095           3
        7096           3
        7097           3
        7098           3
        7099           3
        7100           3
        7101           3
        7102           3
        7103           3
        7104           3
        7105           3
        7106           3
        7107           3
        7108           3
        7109           3
        7110           3
        7111           3
        7112           3
        7113           3
        7114           3
        7115           3
        7116           3
        7117           3
        7118           3
        7119           3
        7120           3
        7121           3
        7122           3
        7123           3
        7124           3
        7125           3
        7126           3
        7127           3
        7128           3
        7129           2
        7130           3
        7131           3
        7132           3
        7133           3
        7134           3
        7135           3
        7136           3
        7137           3
        7138           3
        7139           3
        7140           3
        7141           2
        7142           3
        7143           3
        7144           3
        7145           3
        7146           3
        7147           2
        7148           3
        7149           3
        7150           3
        7151           3
        7152           3
        7153           3
        7154           3
        7155           3
        7156           3
        7157           3
        7158           3
        7159           3
        7160           3
        7161           3
        7162           3
        7163           3
        7164           3
        7165           3
        7166           3
        7167           3
        7168           3
        7169           3
        7170           3
        7171           3
        7172           3
        7173           3
        7174           3
        7175           3
        7176           3
        7177           3
        7178           3
        7179           3
        7180           3
        7181           3
        7182           3
        7183           3
        7184           3
        7185           3
        7186           3
        7187           3
        7188           3
        7189           3
        7190           3
        7191           3
        7192           3
        7193           3
        7194           3
        7195           3
        7196           3
        7197           3
        7198           3
        7199           3
        7200           3
        7201           3
        7202           3
        7203           3
        7204           3
        7205           3
        7206           3
        7207           3
        7208           3
        7209           3
        7210           3
        7211           3
        7212           3
        7213           3
        7214           3
        7215           3
        7216           3
        7217           3
        7218           3
        7219           3
        7220           3
        7221           3
        7222           3
        7223           3
        7224           3
        7225           3
        7226           3
        7227           3
        7228           3
        7229           3
        7230           3
        7231           3
        7232           3
        7233           3
        7234           3
        7235           3
        7236           3
        7237           3
        7238           3
        7239           3
        7240           3
        7241           3
        7242           3
        7243           3
        7244           3
        7245           3
        7246           3
        7247           3
        7248           3
        7249           3
        7250           3
        7251           3
        7252           3
        7253           3
        7254           3
        7255           3
        7256           3
        7257           3
        7258           3
        7259           3
        7260           3
        7261           3
        7262           3
        7263           3
        7264           3
        7265           3
        7266           3
        7267           3
        7268           3
        7269           3
        7270           3
        7271           3
        7272           3
        7273           3
        7274           3
        7275           3
        7276           3
        7277           3
        7278           3
        7279           3
        7280           3
        7281           3
        7282           3
        7283           3
        7284           3
        7285           3
        7286           3
        7287           3
        7288           3
        7289           3
        7290           3
        7291           3
        7292           3
        7293           3
        7294           3
        7295           3
        7296           3
        7297           3
        7298           3
        7299           3
        7300           3
        7301           3
        7302           3
        7303           3
        7304           3
        7305           3
        7306           3
        7307           3
        7308           3
        7309           3
        7310           3
        7311           3
        7312           3
        7313           3
        7314           3
        7315           3
        7316           3
        7317           3
        7318           3
        7319           3
        7320           3
        7321           3
        7322           3
        7323           3
        7324           3
        7325           3
        7326           3
        7327           3
        7328           3
        7329           3
        7330           3
        7331           3
        7332           3
        7333           3
        7334           3
        7335           3
        7336           4
        7337           3
        7338           3
        7339           3
        7340           3
        7341           3
        7342           3
        7343           3
        7344           3
        7345           3
        7346           3
        7347           3
        7348           3
        7349           3
        7350           3
        7351           3
        7352           3
        7353           3
        7354           3
        7355           3
        7356           3
        7357           3
        7358           3
        7359           3
        7360           3
        7361           3
        7362           3
        7363           3
        7364           3
        7365           3
        7366           3
        7367           3
        7368           3
        7369           3
        7370           3
        7371           3
        7372           3
        7373           3
        7374           3
        7375           3
        7376           3
        7377           3
        7378           3
        7379           3
        7380           3
        7381           3
        7382           3
        7383           3
        7384           3
        7385           3
        7386           3
        7387           3
        7388           3
        7389           3
        7390           2
        7391           3
        7392           3
        7393           3
        7394           3
        7395           3
        7396           3
        7397           3
        7398           3
        7399           3
        7400           3
        7401           3
        7402           2
        7403           3
        7404           3
        7405           3
        7406           3
        7407           3
        7408           3
        7409           3
        7410           3
        7411           3
        7412           3
        7413           3
        7414           3
        7415           3
        7416           3
        7417           3
        7418           3
        7419           3
        7420           3
        7421           3
        7422           3
        7423           3
        7424           3
        7425           3
        7426           3
        7427           3
        7428           3
        7429           4
        7430           3
        7431           3
        7432           3
        7433           3
        7434           3
        7435           3
        7436           3
        7437           3
        7438           3
        7439           3
        7440           3
        7441           3
        7442           3
        7443           3
        7444           3
        7445           3
        7446           3
        7447           3
        7448           3
        7449           3
        7450           3
        7451           3
        7452           3
        7453           3
        7454           3
        7455           3
        7456           3
        7457           3
        7458           3
        7459           3
        7460           3
        7461           3
        7462           3
        7463           3
        7464           3
        7465           3
        7466           3
        7467           3
        7468           3
        7469           3
        7470           3
        7471           3
        7472           3
        7473           3
        7474           3
        7475           3
        7476           3
        7477           3
        7478           3
        7479           3
        7480           3
        7481           3
        7482           3
        7483           3
        7484           3
        7485           3
        7486           3
        7487           3
        7488           3
        7489           3
        7490           3
        7491           3
        7492           3
        7493           3
        7494           3
        7495           3
        7496           3
        7497           3
        7498           3
        7499           3
        7500           3
        7501           3
        7502           3
        7503           3
        7504           3
        7505           3
        7506           3
        7507           3
        7508           3
        7509           3
        7510           3
        7511           3
        7512           3
        7513           3
        7514           3
        7515           3
        7516           3
        7517           3
        7518           3
        7519           3
        7520           3
        7521           3
        7522           3
        7523           3
        7524           3
        7525           3
        7526           3
        7527           3
        7528           3
        7529           3
        7530           3
        7531           3
        7532           3
        7533           3
        7534           3
        7535           2
        7536           3
        7537           3
        7538           3
        7539           3
        7540           3
        7541           3
        7542           3
        7543           3
        7544           3
        7545           3
        7546           3
        7547           3
        7548           3
        7549           3
        7550           3
        7551           3
        7552           3
        7553           3
        7554           3
        7555           3
        7556           3
        7557           3
        7558           3
        7559           3
        7560           3
        7561           3
        7562           3
        7563           3
        7564           3
        7565           3
        7566           3
        7567           3
        7568           3
        7569           3
        7570           3
        7571           3
        7572           3
        7573           3
        7574           3
        7575           3
        7576           3
        7577           3
        7578           3
        7579           3
        7580           2
        7581           3
        7582           3
        7583           3
        7584           3
        7585           3
        7586           3
        7587           3
        7588           3
        7589           3
        7590           3
        7591           3
        7592           3
        7593           3
        7594           3
        7595           3
        7596           3
        7597           3
        7598           3
        7599           3
        7600           3
        7601           3
        7602           3
        7603           3
        7604           3
        7605           3
        7606           3
        7607           3
        7608           3
        7609           3
        7610           3
        7611           3
        7612           3
        7613           3
        7614           3
        7615           3
        7616           3
        7617           3
        7618           3
        7619           3
        7620           3
        7621           3
        7622           3
        7623           3
        7624           3
        7625           3
        7626           3
        7627           3
        7628           3
        7629           3
        7630           3
        7631           3
        7632           3
        7633           3
        7634           3
        7635           3
        7636           3
        7637           3
        7638           3
        7639           3
        7640           3
        7641           3
        7642           3
        7643           3
        7644           3
        7645           3
        7646           3
        7647           3
        7648           3
        7649           3
        7650           3
        7651           3
        7652           3
        7653           3
        7654           3
        7655           3
        7656           2
        7657           3
        7658           3
        7659           3
        7660           3
        7661           3
        7662           3
        7663           3
        7664           3
        7665           3
        7666           3
        7667           3
        7668           3
        7669           2
        7670           3
        7671           3
        7672           2
        7673           3
        7674           3
        7675           2
        7676           3
        7677           3
        7678           3
        7679           3
        7680           3
        7681           2
        7682           3
        7683           3
        7684           2
        7685           3
        7686           3
        7687           3
        7688           3
        7689           3
        7690           3
        7691           3
        7692           3
        7693           2
        7694           3
        7695           3
        7696           2
        7697           3
        7698           3
        7699           3
        7700           3
        7701           3
        7702           3
        7703           3
        7704           2
        7705           3
        7706           3
        7707           3
        7708           3
        7709           3
        7710           3
        7711           3
        7712           3
        7713           3
        7714           3
        7715           3
        7716           2
        7717           3
        7718           3
        7719           2
        7720           3
        7721           3
        7722           3
        7723           3
        7724           3
        7725           2
        7726           2
        7727           3
        7728           3
        7729           3
        7730           3
        7731           2
        7732           3
        7733           3
        7734           2
        7735           3
        7736           3
        7737           2
        7738           3
        7739           3
        7740           3
        7741           3
        7742           3
        7743           3
        7744           3
        7745           3
        7746           3
        7747           3
        7748           3
        7749           3
        7750           3
        7751           3
        7752           3
        7753           2
        7754           3
        7755           3
        7756           3
        7757           3
        7758           3
        7759           3
        7760           3
        7761           3
        7762           3
        7763           3
        7764           3
        7765           3
        7766           3
        7767           3
        7768           3
        7769           3
        7770           3
        7771           3
        7772           3
        7773           3
        7774           3
        7775           3
        7776           3
        7777           3
        7778           3
        7779           3
        7780           3
        7781           3
        7782           3
        7783           2
        7784           3
        7785           3
        7786           3
        7787           3
        7788           3
        7789           3
        7790           3
        7791           3
        7792           3
        7793           3
        7794           3
        7795           3
        7796           3
        7797           3
        7798           3
        7799           3
        7800           3
        7801           3
        7802           3
        7803           2
        7804           4
        7805           3
        7806           2
        7807           3
        7808           3
        7809           2
        7810           3
        7811           3
        7812           3
        7813           3
        7814           3
        7815           3
        7816           3
        7817           3
        7818           3
        7819           2
        7820           3
        7821           3
        7822           2
        7823           3
        7824           3
        7825           3
        7826           3
        7827           3
        7828           3
        7829           3
        7830           2
        7831           3
        7832           3
        7833           3
        7834           3
        7835           4
        7836           3
        7837           2
        7838           3
        7839           3
        7840           3
        7841           3
        7842           3
        7843           2
        7844           3
        7845           3
        7846           3
        7847           3
        7848           3
        7849           2
        7850           3
        7851           2
        7852           3
        7853           3
        7854           3
        7855           3
        7856           3
        7857           3
        7858           3
        7859           2
        7860           3
        7861           4
        7862           3
        7863           3
        7864           3
        7865           2
        7866           3
        7867           3
        7868           3
        7869           2
        7870           3
        7871           3
        7872           3
        7873           2
        7874           3
        7875           3
        7876           3
        7877           3
        7878           3
        7879           3
        7880           3
        7881           3
        7882           3
        7883           3
        7884           3
        7885           4
        7886           3
        7887           3
        7888           3
        7889           3
        7890           3
        7891           3
        7892           3
        7893           3
        7894           3
        7895           3
        7896           3
        7897           3
        7898           3
        7899           3
        7900           3
        7901           3
        7902           3
        7903           3
        7904           3
        7905           3
        7906           3
        7907           3
        7908           3
        7909           3
        7910           3
        7911           3
        7912           3
        7913           3
        7914           3
        7915           3
        7916           3
        7917           3
        7918           3
        7919           3
        7920           3
        7921           2
        7922           3
        7923           3
        7924           3
        7925           3
        7926           2
        7927           3
        7928           3
        7929           3
        7930           3
        7931           3
        7932           3
        7933           3
        7934           3
        7935           2
        7936           3
        7937           3
        7938           3
        7939           3
        7940           3
        7941           3
        7942           3
        7943           3
        7944           3
        7945           3
        7946           3
        7947           3
        7948           3
        7949           3
        7950           3
        7951           3
        7952           3
        7953           3
        7954           3
        7955           3
        7956           3
        7957           3
        7958           3
        7959           3
        7960           3
        7961           3
        7962           3
        7963           3
        7964           3
        7965           3
        7966           3
        7967           3
        7968           3
        7969           3
        7970           3
        7971           3
        7972           3
        7973           3
        7974           3
        7975           3
        7976           3
        7977           3
        7978           3
        7979           3
        7980           3
        7981           3
        7982           3
        7983           3
        7984           3
        7985           3
        7986           3
        7987           3
        7988           3
        7989           3
        7990           3
        7991           3
        7992           3
        7993           3
        7994           3
        7995           3
        7996           3
        7997           3
        7998           3
        7999           3
        8000           3
        8001           3
        8002           3
        8003           3
        8004           3
        8005           3
        8006           3
        8007           3
        8008           3
        8009           3
        8010           3
        8011           3
        8012           3
        8013           3
        8014           3
        8015           3
        8016           3
        8017           3
        8018           3
        8019           3
        8020           3
        8021           3
        8022           3
        8023           3
        8024           3
        8025           3
        8026           3
        8027           3
        8028           3
        8029           3
        8030           3
        8031           3
        8032           3
        8033           3
        8034           3
        8035           3
        8036           3
        8037           3
        8038           3
        8039           3
        8040           3
        8041           3
        8042           3
        8043           3
        8044           3
        8045           3
        8046           3
        8047           3
        8048           2
        8049           3
        8050           3
        8051           3
        8052           3
        8053           3
        8054           3
        8055           3
        8056           3
        8057           3
        8058           3
        8059           3
        8060           3
        8061           3
        8062           3
        8063           3
        8064           3
        8065           3
        8066           3
        8067           3
        8068           3
        8069           3
        8070           3
        8071           3
        8072           3
        8073           3
        8074           3
        8075           3
        8076           3
        8077           3
        8078           3
        8079           3
        8080           3
        8081           3
        8082           3
        8083           3
        8084           3
        8085           3
        8086           3
        8087           3
        8088           3
        8089           3
        8090           3
        8091           3
        8092           3
        8093           3
        8094           3
        8095           3
        8096           3
        8097           3
        8098           3
        8099           3
        8100           3
        8101           3
        8102           3
        8103           3
        8104           3
        8105           3
        8106           3
        8107           3
        8108           3
        8109           3
        8110           3
        8111           3
        8112           3
        8113           3
        8114           3
        8115           3
        8116           3
        8117           3
        8118           3
        8119           3
        8120           3
        8121           3
        8122           3
        8123           3
        8124           3
        8125           3
        8126           3
        8127           3
        8128           3
        8129           3
        8130           3
        8131           3
        8132           3
        8133           3
        8134           3
        8135           3
        8136           3
        8137           3
        8138           3
        8139           3
        8140           3
        8141           3
        8142           3
        8143           3
        8144           3
        8145           3
        8146           3
        8147           3
        8148           3
        8149           3
        8150           3
        8151           3
        8152           3
        8153           3
        8154           3
        8155           3
        8156           3
        8157           3
        8158           3
        8159           3
        8160           3
        8161           3
        8162           3
        8163           3
        8164           3
        8165           3
        8166           3
        8167           3
        8168           3
        8169           3
        8170           3
        8171           3
        8172           3
        8173           3
        8174           3
        8175           3
        8176           3
        8177           3
        8178           3
        8179           3
        8180           3
        8181           3
        8182           3
        8183           3
        8184           3
        8185           3
        8186           3
        8187           3
        8188           3
        8189           3
        8190           3
        8191           3
        8192           3
        8193           3
        8194           3
        8195           3
        8196           3
        8197           3
        8198           3
        8199           3
        8200           3
        8201           3
        8202           3
        8203           3
        8204           3
        8205           3
        8206           3
        8207           3
        8208           3
        8209           3
        8210           3
        8211           3
        8212           3
        8213           3
        8214           3
        8215           3
        8216           3
        8217           3
        8218           3
        8219           3
        8220           3
        8221           3
        8222           3
        8223           3
        8224           3
        8225           3
        8226           3
        8227           3
        8228           3
        8229           3
        8230           3
        8231           3
        8232           3
        8233           3
        8234           3
        8235           3
        8236           3
        8237           3
        8238           3
        8239           3
        8240           3
        8241           3
        8242           3
        8243           3
        8244           3
        8245           3
        8246           3
        8247           3
        8248           3
        8249           3
        8250           3
        8251           3
        8252           3
        8253           3
        8254           3
        8255           3
        8256           3
        8257           3
        8258           3
        8259           3
        8260           3
        8261           3
        8262           3
        8263           3
        8264           3
        8265           3
        8266           3
        8267           3
        8268           3
        8269           3
        8270           3
        8271           3
        8272           3
        8273           3
        8274           3
        8275           3
        8276           3
        8277           3
        8278           3
        8279           3
        8280           3
        8281           3
        8282           3
        8283           3
        8284           3
        8285           3
        8286           3
        8287           3
        8288           3
        8289           3
        8290           3
        8291           3
        8292           3
        8293           3
        8294           3
        8295           3
        8296           3
        8297           3
        8298           3
        8299           3
        8300           3
        8301           3
        8302           3
        8303           3
        8304           3
        8305           3
        8306           3
        8307           3
        8308           3
        8309           3
        8310           3
        8311           3
        8312           3
        8313           3
        8314           3
        8315           3
        8316           3
        8317           3
        8318           3
        8319           3
        8320           3
        8321           3
        8322           3
        8323           3
        8324           3
        8325           3
        8326           3
        8327           3
        8328           3
        8329           3
        8330           3
        8331           3
        8332           3
        8333           3
        8334           3
        8335           3
        8336           3
        8337           3
        8338           3
        8339           3
        8340           3
        8341           3
        8342           3
        8343           3
        8344           3
        8345           3
        8346           3
        8347           3
        8348           3
        8349           3
        8350           3
        8351           3
        8352           3
        8353           3
        8354           3
        8355           3
        8356           3
        8357           3
        8358           3
        8359           3
        8360           3
        8361           3
        8362           3
        8363           3
        8364           3
        8365           3
        8366           3
        8367           3
        8368           3
        8369           3
        8370           3
        8371           3
        8372           3
        8373           3
        8374           3
        8375           3
        8376           3
        8377           3
        8378           3
        8379           3
        8380           3
        8381           3
        8382           3
        8383           3
        8384           3
        8385           3
        8386           3
        8387           3
        8388           3
        8389           3
        8390           3
        8391           3
        8392           3
        8393           3
        8394           3
        8395           3
        8396           3
        8397           3
        8398           3
        8399           3
        8400           3
        8401           3
        8402           3
        8403           3
        8404           3
        8405           3
        8406           3
        8407           3
        8408           3
        8409           3
        8410           3
        8411           3
        8412           3
        8413           3
        8414           3
        8415           3
        8416           3
        8417           3
        8418           3
        8419           3
        8420           3
        8421           3
        8422           3
        8423           3
        8424           3
        8425           3
        8426           3
        8427           4
        8428           3
        8429           3
        8430           3
        8431           3
        8432           3
        8433           3
        8434           3
        8435           3
        8436           3
        8437           3
        8438           3
        8439           4
        8440           3
        8441           3
        8442           3
        8443           3
        8444           3
        8445           3
        8446           3
        8447           3
        8448           3
        8449           3
        8450           3
        8451           3
        8452           3
        8453           3
        8454           3
        8455           3
        8456           3
        8457           3
        8458           3
        8459           3
        8460           3
        8461           3
        8462           3
        8463           3
        8464           3
        8465           3
        8466           3
        8467           3
        8468           3
        8469           3
        8470           3
        8471           3
        8472           3
        8473           3
        8474           3
        8475           3
        8476           3
        8477           3
        8478           3
        8479           3
        8480           3
        8481           3
        8482           3
        8483           3
        8484           3
        8485           3
        8486           3
        8487           3
        8488           3
        8489           3
        8490           3
        8491           3
        8492           3
        8493           3
        8494           3
        8495           3
        8496           3
        8497           3
        8498           3
        8499           3
        8500           3
        8501           3
        8502           3
        8503           3
        8504           3
        8505           3
        8506           3
        8507           3
        8508           3
        8509           3
        8510           3
        8511           3
        8512           3
        8513           3
        8514           3
        8515           3
        8516           3
        8517           3
        8518           3
        8519           2
        8520           3
        8521           3
        8522           3
        8523           3
        8524           3
        8525           3
        8526           3
        8527           3
        8528           3
        8529           3
        8530           3
        8531           3
        8532           3
        8533           3
        8534           3
        8535           3
        8536           3
        8537           3
        8538           3
        8539           3
        8540           3
        8541           3
        8542           3
        8543           3
        8544           3
        8545           3
        8546           3
        8547           3
        8548           3
        8549           3
        8550           3
        8551           3
        8552           3
        8553           3
        8554           3
        8555           3
        8556           3
        8557           3
        8558           3
        8559           3
        8560           3
        8561           3
        8562           3
        8563           3
        8564           3
        8565           3
        8566           3
        8567           3
        8568           3
        8569           3
        8570           3
        8571           3
        8572           3
        8573           3
        8574           3
        8575           3
        8576           3
        8577           3
        8578           3
        8579           3
        8580           3
        8581           3
        8582           3
        8583           3
        8584           3
        8585           3
        8586           3
        8587           3
        8588           3
        8589           3
        8590           3
        8591           3
        8592           3
        8593           3
        8594           3
        8595           3
        8596           3
        8597           3
        8598           3
        8599           3
        8600           3
        8601           3
        8602           3
        8603           3
        8604           3
        8605           3
        8606           3
        8607           3
        8608           3
        8609           3
        8610           3
        8611           3
        8612           3
        8613           3
        8614           3
        8615           3
        8616           3
        8617           3
        8618           3
        8619           3
        8620           3
        8621           3
        8622           3
        8623           3
        8624           3
        8625           3
        8626           3
        8627           3
        8628           3
        8629           3
        8630           3
        8631           3
        8632           3
        8633           3
        8634           3
        8635           3
        8636           3
        8637           3
        8638           3
        8639           3
        8640           3
        8641           3
        8642           3
        8643           3
        8644           3
        8645           3
        8646           3
        8647           3
        8648           3
        8649           3
        8650           3
        8651           3
        8652           3
        8653           3
        8654           3
        8655           3
        8656           3
        8657           3
        8658           3
        8659           3
        8660           3
        8661           3
        8662           3
        8663           3
        8664           3
        8665           4
        8666           3
        8667           3
        8668           3
        8669           3
        8670           3
        8671           3
        8672           3
        8673           3
        8674           3
        8675           3
        8676           3
        8677           3
        8678           3
        8679           3
        8680           3
        8681           3
        8682           3
        8683           3
        8684           3
        8685           3
        8686           3
        8687           3
        8688           3
        8689           3
        8690           3
        8691           3
        8692           3
        8693           3
        8694           3
        8695           3
        8696           3
        8697           3
        8698           3
        8699           3
        8700           3
        8701           3
        8702           3
        8703           3
        8704           3
        8705           3
        8706           3
        8707           3
        8708           3
        8709           3
        8710           3
        8711           3
        8712           3
        8713           3
        8714           3
        8715           3
        8716           3
        8717           3
        8718           3
        8719           3
        8720           3
        8721           3
        8722           3
        8723           3
        8724           3
        8725           3
        8726           3
        8727           3
        8728           3
        8729           3
        8730           3
        8731           3
        8732           3
        8733           3
        8734           3
        8735           3
        8736           3
        8737           3
        8738           3
        8739           3
        8740           3
        8741           3
        8742           3
        8743           3
        8744           3
        8745           3
        8746           3
        8747           3
        8748           3
        8749           3
        8750           3
        8751           3
        8752           3
        8753           3
        8754           3
        8755           3
        8756           3
        8757           3
        8758           3
        8759           3
        8760           3
        8761           3
        8762           3
        8763           3
        8764           3
        8765           3
        8766           3
        8767           3
        8768           3
        8769           3
        8770           3
        8771           3
        8772           3
        8773           3
        8774           3
        8775           3
        8776           3
        8777           3
        8778           3
        8779           3
        8780           3
        8781           3
        8782           3
        8783           3
        8784           3
        8785           3
        8786           3
        8787           3
        8788           3
        8789           3
        8790           3
        8791           3
        8792           3
        8793           3
        8794           3
        8795           3
        8796           3
        8797           3
        8798           3
        8799           3
        8800           3
        8801           3
        8802           3
        8803           3
        8804           3
        8805           3
        8806           3
        8807           3
        8808           3
        8809           3
        8810           3
        8811           3
        8812           3
        8813           3
        8814           3
        8815           3
        8816           3
        8817           3
        8818           3
        8819           3
        8820           3
        8821           3
        8822           3
        8823           3
        8824           3
        8825           3
        8826           3
        8827           3
        8828           3
        8829           3
        8830           3
        8831           3
        8832           3
        8833           3
        8834           3
        8835           3
        8836           3
        8837           3
        8838           3
        8839           3
        8840           3
        8841           3
        8842           3
        8843           3
        8844           3
        8845           3
        8846           3
        8847           3
        8848           3
        8849           3
        8850           3
        8851           3
        8852           3
        8853           3
        8854           3
        8855           3
        8856           3
        8857           3
        8858           3
        8859           3
        8860           3
        8861           3
        8862           3
        8863           3
        8864           3
        8865           3
        8866           3
        8867           3
        8868           3
        8869           3
        8870           3
        8871           3
        8872           3
        8873           3
        8874           3
        8875           3
        8876           3
        8877           3
        8878           3
        8879           3
        8880           3
        8881           3
        8882           3
        8883           3
        8884           3
        8885           3
        8886           2
        8887           3
        8888           3
        8889           3
        8890           3
        8891           3
        8892           3
        8893           3
        8894           3
        8895           3
        8896           3
        8897           3
        8898           3
        8899           3
        8900           3
        8901           3
        8902           3
        8903           3
        8904           3
        8905           3
        8906           3
        8907           3
        8908           3
        8909           3
        8910           3
        8911           3
        8912           3
        8913           3
        8914           3
        8915           3
        8916           3
        8917           3
        8918           3
        8919           3
        8920           3
        8921           3
        8922           3
        8923           3
        8924           3
        8925           3
        8926           3
        8927           3
        8928           3
        8929           3
        8930           3
        8931           3
        8932           3
        8933           3
        8934           3
        8935           3
        8936           2
        8937           3
        8938           3
        8939           3
        8940           3
        8941           3
        8942           3
        8943           2
        8944           3
        8945           3
        8946           2
        8947           3
        8948           2
        8949           3
        8950           3
        8951           3
        8952           3
        8953           3
        8954           3
        8955           3
        8956           3
        8957           3
        8958           3
        8959           3
        8960           2
        8961           3
        8962           3
        8963           3
        8964           3
        8965           3
        8966           3
        8967           3
        8968           3
        8969           3
        8970           2
        8971           3
        8972           3
        8973           3
        8974           3
        8975           3
        8976           3
        8977           3
        8978           3
        8979           3
        8980           3
        8981           3
        8982           3
        8983           3
        8984           3
        8985           3
        8986           3
        8987           3
        8988           3
        8989           3
        8990           3
        8991           3
        8992           3
        8993           3
        8994           3
        8995           3
        8996           3
        8997           3
        8998           3
        8999           3
        9000           3
        9001           3
        9002           3
        9003           3
        9004           3
        9005           3
        9006           3
        9007           3
        9008           3
        9009           3
        9010           3
        9011           3
        9012           3
        9013           3
        9014           3
        9015           3
        9016           3
        9017           3
        9018           3
        9019           3
        9020           3
        9021           3
        9022           3
        9023           3
        9024           3
        9025           3
        9026           3
        9027           3
        9028           3
        9029           3
        9030           3
        9031           3
        9032           3
        9033           3
        9034           3
        9035           3
        9036           3
        9037           3
        9038           3
        9039           3
        9040           3
        9041           3
        9042           3
        9043           3
        9044           3
        9045           3
        9046           3
        9047           3
        9048           3
        9049           3
        9050           3
        9051           3
        9052           3
        9053           3
        9054           3
        9055           3
        9056           3
        9057           3
        9058           3
        9059           3
        9060           3
        9061           3
        9062           3
        9063           3
        9064           3
        9065           3
        9066           3
        9067           3
        9068           3
        9069           3
        9070           3
        9071           3
        9072           3
        9073           3
        9074           3
        9075           3
        9076           3
        9077           3
        9078           3
        9079           3
        9080           3
        9081           3
        9082           3
        9083           3
        9084           3
        9085           3
        9086           3
        9087           3
        9088           2
        9089           3
        9090           2
        9091           3
        9092           3
        9093           3
        9094           2
        9095           3
        9096           2
        9097           3
        9098           3
        9099           3
        9100           3
        9101           3
        9102           3
        9103           3
        9104           3
        9105           3
        9106           3
        9107           3
        9108           3
        9109           3
        9110           3
        9111           3
        9112           3
        9113           3
        9114           3
        9115           3
        9116           3
        9117           3
        9118           3
        9119           3
        9120           3
        9121           3
        9122           3
        9123           3
        9124           3
        9125           3
        9126           3
        9127           3
        9128           3
        9129           3
        9130           3
        9131           3
        9132           3
        9133           3
        9134           3
        9135           3
        9136           3
        9137           3
        9138           3
        9139           3
        9140           3
        9141           3
        9142           3
        9143           3
        9144           3
        9145           3
        9146           3
        9147           3
        9148           3
        9149           3
        9150           3
        9151           3
        9152           3
        9153           3
        9154           3
        9155           3
        9156           3
        9157           3
        9158           3
        9159           3
        9160           3
        9161           3
        9162           3
        9163           3
        9164           3
        9165           3
        9166           3
        9167           3
        9168           3
        9169           3
        9170           3
        9171           3
        9172           3
        9173           3
        9174           3
        9175           3
        9176           3
        9177           3
        9178           3
        9179           3
        9180           3
        9181           3
        9182           3
        9183           3
        9184           3
        9185           3
        9186           3
        9187           3
        9188           3
        9189           3
        9190           3
        9191           3
        9192           3
        9193           3
        9194           3
        9195           3
        9196           3
        9197           3
        9198           3
        9199           3
        9200           3
        9201           3
        9202           3
        9203           3
        9204           3
        9205           3
        9206           3
        9207           3
        9208           3
        9209           3
        9210           3
        9211           3
        9212           3
        9213           3
        9214           3
        9215           3
        9216           3
        9217           3
        9218           3
        9219           3
        9220           3
        9221           3
        9222           3
        9223           3
        9224           4
        9225           3
        9226           3
        9227           3
        9228           3
        9229           3
        9230           3
        9231           3
        9232           3
        9233           3
        9234           3
        9235           3
        9236           3
        9237           3
        9238           3
        9239           3
        9240           3
        9241           3
        9242           3
        9243           3
        9244           3
        9245           3
        9246           3
        9247           3
        9248           3
        9249           3
        9250           3
        9251           3
        9252           3
        9253           3
        9254           3
        9255           3
        9256           3
        9257           3
        9258           3
        9259           4
        9260           3
        9261           3
        9262           2
        9263           3
        9264           3
        9265           4
        9266           3
        9267           3
        9268           3
        9269           4
        9270           3
        9271           3
        9272           3
        9273           3
        9274           4
        9275           4
        9276           3
        9277           3
        9278           3
        9279           3
        9280           3
        9281           4
        9282           3
        9283           3
        9284           3
        9285           4
        9286           3
        9287           4
        9288           3
        9289           3
        9290           4
        9291           3
        9292           3
        9293           4
        9294           3
        9295           4
        9296           3
        9297           3
        9298           3
        9299           4
        9300           4
        9301           3
        9302           3
        9303           3
        9304           3
        9305           4
        9306           3
        9307           3
        9308           3
        9309           3
        9310           4
        9311           4
        9312           3
        9313           3
        9314           3
        9315           4
        9316           3
        9317           3
        9318           3
        9319           4
        9320           4
        9321           3
        9322           3
        9323           4
        9324           3
        9325           4
        9326           3
        9327           3
        9328           3
        9329           3
        9330           3
        9331           3
        9332           3
        9333           3
        9334           4
        9335           3
        9336           3
        9337           3
        9338           3
        9339           4
        9340           3
        9341           3
        9342           4
        9343           3
        9344           3
        9345           3
        9346           3
        9347           4
        9348           3
        9349           3
        9350           3
        9351           3
        9352           4
        9353           4
        9354           3
        9355           3
        9356           3
        9357           4
        9358           3
        9359           4
        9360           3
        9361           3
        9362           4
        9363           3
        9364           2
        9365           4
        9366           3
        9367           4
        9368           3
        9369           3
        9370           3
        9371           3
        9372           4
        9373           3
        9374           3
        9375           3
        9376           3
        9377           4
        9378           3
        9379           3
        9380           3
        9381           3
        9382           3
        9383           3
        9384           2
        9385           3
        9386           3
        9387           3
        9388           3
        9389           3
        9390           4
        9391           3
        9392           3
        9393           3
        9394           3
        9395           3
        9396           3
        9397           3
        9398           3
        9399           4
        9400           3
        9401           3
        9402           3
        9403           3
        9404           3
        9405           3
        9406           3
        9407           4
        9408           3
        9409           3
        9410           4
        9411           3
        9412           4
        9413           3
        9414           3
        9415           3
        9416           3
        9417           4
        9418           4
        9419           3
        9420           3
        9421           3
        9422           4
        9423           3
        9424           3
        9425           3
        9426           4
        9427           4
        9428           3
        9429           3
        9430           3
        9431           3
        9432           4
        9433           3
        9434           4
        9435           3
        9436           3
        9437           3
        9438           3
        9439           3
        9440           3
        9441           3
        9442           3
        9443           4
        9444           3
        9445           3
        9446           3
        9447           3
        9448           3
        9449           3
        9450           3
        9451           4
        9452           3
        9453           3
        9454           3
        9455           3
        9456           4
        9457           3
        9458           3
        9459           3
        9460           3
        9461           4
        9462           3
        9463           3
        9464           3
        9465           3
        9466           4
        9467           3
        9468           3
        9469           3
        9470           3
        9471           4
        9472           3
        9473           3
        9474           3
        9475           3
        9476           3
        9477           3
        9478           3
        9479           3
        9480           4
        9481           3
        9482           3
        9483           3
        9484           3
        9485           3
        9486           4
        9487           3
        9488           3
        9489           3
        9490           4
        9491           3
        9492           3
        9493           3
        9494           3
        9495           4
        9496           3
        9497           3
        9498           3
        9499           3
        9500           3
        9501           3
        9502           3
        9503           3
        9504           3
        9505           3
        9506           4
        9507           3
        9508           3
        9509           4
        9510           3
        9511           3
        9512           3
        9513           3
        9514           3
        9515           3
        9516           3
        9517           3
        9518           4
        9519           3
        9520           3
        9521           3
        9522           4
        9523           3
        9524           3
        9525           3
        9526           4
        9527           3
        9528           3
        9529           3
        9530           3
        9531           4
        9532           3
        9533           3
        9534           3
        9535           3
        9536           4
        9537           3
        9538           3
        9539           3
        9540           3
        9541           3
        9542           3
        9543           4
        9544           3
        9545           4
        9546           3
        9547           3
        9548           3
        9549           3
        9550           3
        9551           3
        9552           3
        9553           4
        9554           3
        9555           3
        9556           3
        9557           3
        9558           3
        9559           3
        9560           3
        9561           3
        9562           3
        9563           3
        9564           4
        9565           3
        9566           3
        9567           3
        9568           3
        9569           4
        9570           3
        9571           3
        9572           3
        9573           3
        9574           4
        9575           3
        9576           3
        9577           3
        9578           3
        9579           3
        9580           3
        9581           3
        9582           3
        9583           4
        9584           3
        9585           4
        9586           3
        9587           3
        9588           3
        9589           3
        9590           3
        9591           3
        9592           3
        9593           3
        9594           3
        9595           3
        9596           3
        9597           3
        9598           3
        9599           4
        9600           3
        9601           3
        9602           3
        9603           3
        9604           3
        9605           3
        9606           3
        9607           4
        9608           3
        9609           3
        9610           3
        9611           3
        9612           4
        9613           3
        9614           3
        9615           3
        9616           3
        9617           3
        9618           3
        9619           3
        9620           3
        9621           4
        9622           3
        9623           3
        9624           3
        9625           3
        9626           4
        9627           3
        9628           3
        9629           3
        9630           4
        9631           3
        9632           3
        9633           3
        9634           3
        9635           4
        9636           4
        9637           3
        9638           3
        9639           3
        9640           4
        9641           3
        9642           3
        9643           3
        9644           3
        9645           3
        9646           4
        9647           3
        9648           3
        9649           4
        9650           3
        9651           3
        9652           3
        9653           3
        9654           4
        9655           3
        9656           4
        9657           3
        9658           3
        9659           3
        9660           3
        9661           3
        9662           3
        9663           4
        9664           3
        9665           3
        9666           3
        9667           3
        9668           4
        9669           3
        9670           3
        9671           3
        9672           3
        9673           3
        9674           3
        9675           3
        9676           3
        9677           4
        9678           3
        9679           3
        9680           3
        9681           3
        9682           4
        9683           3
        9684           3
        9685           3
        9686           3
        9687           4
        9688           3
        9689           3
        9690           3
        9691           3
        9692           4
        9693           3
        9694           3
        9695           3
        9696           3
        9697           4
        9698           3
        9699           3
        9700           3
        9701           3
        9702           4
        9703           3
        9704           3
        9705           3
        9706           4
        9707           4
        9708           3
        9709           3
        9710           3
        9711           3
        9712           3
        9713           3
        9714           3
        9715           3
        9716           3
        9717           3
        9718           3
        9719           3
        9720           3
        9721           3
        9722           3
        9723           3
        9724           3
        9725           3
        9726           3
        9727           3
        9728           3
        9729           3
        9730           3
        9731           3
        9732           3
        9733           3
        9734           3
        9735           3
        9736           3
        9737           3
        9738           3
        9739           3
        9740           3
        9741           3
        9742           3
        9743           3
        9744           3
        9745           3
        9746           3
        9747           3
        9748           3
        9749           3
        9750           3
        9751           3
        9752           3
        9753           3
        9754           3
        9755           3
        9756           3
        9757           3
        9758           3
        9759           3
        9760           3
        9761           3
        9762           3
        9763           3
        9764           3
        9765           3
        9766           3
        9767           3
        9768           3
        9769           3
        9770           3
        9771           3
        9772           3
        9773           3
        9774           3
        9775           3
        9776           3
        9777           3
        9778           3
        9779           3
        9780           3
        9781           3
        9782           3
        9783           3
        9784           3
        9785           3
        9786           3
        9787           3
        9788           3
        9789           3
        9790           3
        9791           3
        9792           2
        9793           3
        9794           3
        9795           3
        9796           3
        9797           3
        9798           3
        9799           3
        9800           3
        9801           3
        9802           3
        9803           3
        9804           3
        9805           3
        9806           3
        9807           3
        9808           3
        9809           3
        9810           3
        9811           3
        9812           3
        9813           3
        9814           3
        9815           3
        9816           3
        9817           3
        9818           3
        9819           4
        9820           3
        9821           3
        9822           3
        9823           3
        9824           4
        9825           3
        9826           3
        9827           3
        9828           3
        9829           4
        9830           3
        9831           3
        9832           3
        9833           3
        9834           4
        9835           3
        9836           3
        9837           3
        9838           3
        9839           4
        9840           3
        9841           3
        9842           3
        9843           3
        9844           3
        9845           3
        9846           3
        9847           3
        9848           3
        9849           3
        9850           3
        9851           3
        9852           3
        9853           3
        9854           3
        9855           3
        9856           3
        9857           3
        9858           3
        9859           3
        9860           3
        9861           3
        9862           3
        9863           3
        9864           4
        9865           3
        9866           3
        9867           3
        9868           3
        9869           3
        9870           3
        9871           3
        9872           3
        9873           3
        9874           3
        9875           3
        9876           3
        9877           3
        9878           3
        9879           3
        9880           3
        9881           3
        9882           3
        9883           3
        9884           3
        9885           3
        9886           3
        9887           3
        9888           3
        9889           3
        9890           3
        9891           3
        9892           3
        9893           3
        9894           3
        9895           3
        9896           3
        9897           3
        9898           3
        9899           3
        9900           3
        9901           3
        9902           3
        9903           3
        9904           3
        9905           3
        9906           3
        9907           3
        9908           3
        9909           3
        9910           3
        9911           3
        9912           3
        9913           3
        9914           3
        9915           3
        9916           3
        9917           3
        9918           3
        9919           3
        9920           3
        9921           3
        9922           3
        9923           3
        9924           3
        9925           3
        9926           3
        9927           3
        9928           3
        9929           3
        9930           3
        9931           3
        9932           3
        9933           3
        9934           3
        9935           3
        9936           3
        9937           3
        9938           3
        9939           3
        9940           3
        9941           3
        9942           3
        9943           3
        9944           3
        9945           3
        9946           3
        9947           3
        9948           3
        9949           3
        9950           3
        9951           3
        9952           3
        9953           3
        9954           3
        9955           3
        9956           3
        9957           3
        9958           3
        9959           3
        9960           3
        9961           3
        9962           3
        9963           3
        9964           3
        9965           3
        9966           3
        9967           3
        9968           3
        9969           3
        9970           3
        9971           3
        9972           3
        9973           3
        9974           3
        9975           3
        9976           3
        9977           3
        9978           3
        9979           3
        9980           3
        9981           3
        9982           3
        9983           3
        9984           3
        9985           3
        9986           3
        9987           3
        9988           3
        9989           3
        9990           3
        9991           3
        9992           3
        9993           3
        9994           3
        9995           3
        9996           3
        9997           3
        9998           3
        9999           3
       10000           3
       10001           3
       10002           3
       10003           3
       10004           3
       10005           3
       10006           3
       10007           3
       10008           3
       10009           3
       10010           3
       10011           3
       10012           3
       10013           3
       10014           3
       10015           3
       10016           3
       10017           3
       10018           3
       10019           3
       10020           3
       10021           3
       10022           2
       10023           3
       10024           3
       10025           3
       10026           3
       10027           3
       10028           3
       10029           3
       10030           2
       10031           3
       10032           3
       10033           3
       10034           3
       10035           3
       10036           3
       10037           3
       10038           3
       10039           3
       10040           3
       10041           3
       10042           3
       10043           3
       10044           3
       10045           3
       10046           2
       10047           3
       10048           3
       10049           3
       10050           2
       10051           3
       10052           3
       10053           3
       10054           2
       10055           3
       10056           3
       10057           3
       10058           2
       10059           3
       10060           2
       10061           3
       10062           2
       10063           3
       10064           3
       10065           3
       10066           3
       10067           3
       10068           3
       10069           3
       10070           2
       10071           3
       10072           3
       10073           3
       10074           2
       10075           3
       10076           2
       10077           3
       10078           3
       10079           3
       10080           2
       10081           3
       10082           3
       10083           3
       10084           3
       10085           3
       10086           3
       10087           3
       10088           3
       10089           3
       10090           3
       10091           3
       10092           3
       10093           3
       10094           3
       10095           3
       10096           3
       10097           3
       10098           3
       10099           3
       10100           3
       10101           3
       10102           3
       10103           3
       10104           3
       10105           3
       10106           3
       10107           3
       10108           3
       10109           3
       10110           2
       10111           3
       10112           3
       10113           3
       10114           3
       10115           3
       10116           3
       10117           3
       10118           3
       10119           3
       10120           3
       10121           3
       10122           3
       10123           3
       10124           3
       10125           3
       10126           3
       10127           3
       10128           3
       10129           3
       10130           2
       10131           3
       10132           3
       10133           3
       10134           3
       10135           3
       10136           3
       10137           3
       10138           3
       10139           3
       10140           3
       10141           3
       10142           3
       10143           3
       10144           3
       10145           3
       10146           3
       10147           3
       10148           3
       10149           3
       10150           3
       10151           3
       10152           3
       10153           3
       10154           3
       10155           3
       10156           3
       10157           3
       10158           3
       10159           3
       10160           3
       10161           3
       10162           3
       10163           3
       10164           3
       10165           3
       10166           3
       10167           3
       10168           3
       10169           3
       10170           3
       10171           3
       10172           3
       10173           3
       10174           3
       10175           3
       10176           3
       10177           3
       10178           3
       10179           3
       10180           3
       10181           3
       10182           3
       10183           3
       10184           3
       10185           3
       10186           3
       10187           3
       10188           3
       10189           3
       10190           3
       10191           3
       10192           3
       10193           3
       10194           3
       10195           3
       10196           3
       10197           3
       10198           3
       10199           3
       10200           3
       10201           3
       10202           3
       10203           3
       10204           3
       10205           3
       10206           3
       10207           3
       10208           3
       10209           3
       10210           3
       10211           3
       10212           3
       10213           3
       10214           3
       10215           3
       10216           3
       10217           3
       10218           3
       10219           3
       10220           3
       10221           3
       10222           3
       10223           3
       10224           3
       10225           3
       10226           3
       10227           3
       10228           3
       10229           3
       10230           3
       10231           3
       10232           3
       10233           3
       10234           3
       10235           3
       10236           3
       10237           3
       10238           3
       10239           3
       10240           3
       10241           3
       10242           3
       10243           3
       10244           3
       10245           3
       10246           3
       10247           3
       10248           3
       10249           3
       10250           3
       10251           3
       10252           3
       10253           3
       10254           3
       10255           3
       10256           3
       10257           3
       10258           3
       10259           3
       10260           3
       10261           3
       10262           3
       10263           3
       10264           3
       10265           3
       10266           3
       10267           3
       10268           3
       10269           3
       10270           3
       10271           3
       10272           3
       10273           3
       10274           3
       10275           3
       10276           3
       10277           3
       10278           3
       10279           3
       10280           3
       10281           3
       10282           3
       10283           3
       10284           3
       10285           3
       10286           3
       10287           3
       10288           3
       10289           3
       10290           3
       10291           3
       10292           3
       10293           3
       10294           3
       10295           3
       10296           3
       10297           3
       10298           3
       10299           3
       10300           3
       10301           3
       10302           3
       10303           3
       10304           3
       10305           3
       10306           2
       10307           3
       10308           3
       10309           3
       10310           2
       10311           3
       10312           3
       10313           3
       10314           3
       10315           3
       10316           2
       10317           3
       10318           2
       10319           3
       10320           3
       10321           3
       10322           3
       10323           3
       10324           3
       10325           3
       10326           2
       10327           3
       10328           3
       10329           3
       10330           2
       10331           3
       10332           3
       10333           3
       10334           3
       10335           3
       10336           3
       10337           3
       10338           2
       10339           3
       10340           3
       10341           3
       10342           2
       10343           3
       10344           3
       10345           3
       10346           3
       10347           3
       10348           3
       10349           3
       10350           2
       10351           3
       10352           3
       10353           3
       10354           2
       10355           3
       10356           2
       10357           3
       10358           3
       10359           3
       10360           2
       10361           3
       10362           3
       10363           3
       10364           3
       10365           3
       10366           2
       10367           3
       10368           2
       10369           3
       10370           3
       10371           3
       10372           2
       10373           3
       10374           2
       10375           3
       10376           3
       10377           3
       10378           3
       10379           3
       10380           3
       10381           3
       10382           2
       10383           3
       10384           2
       10385           3
       10386           3
       10387           3
       10388           2
       10389           3
       10390           2
       10391           3
       10392           2
       10393           3
       10394           2
       10395           3
       10396           2
       10397           3
       10398           3
       10399           3
       10400           3
       10401           3
       10402           2
       10403           3
       10404           2
       10405           3
       10406           3
       10407           3
       10408           2
       10409           3
       10410           2
       10411           3
       10412           2
       10413           3
       10414           2
       10415           3
       10416           2
       10417           3
       10418           2
       10419           3
       10420           2
       10421           3
       10422           2
       10423           3
       10424           2
       10425           3
       10426           2
       10427           3
       10428           2
       10429           3
       10430           2
       10431           3
       10432           2
       10433           3
       10434           2
       10435           3
       10436           3
       10437           3
       10438           2
       10439           3
       10440           2
       10441           3
       10442           2
       10443           3
       10444           2
       10445           3
       10446           3
       10447           3
       10448           2
       10449           3
       10450           2
       10451           3
       10452           2
       10453           3
       10454           2
       10455           3
       10456           3
       10457           3
       10458           3
       10459           3
       10460           2
       10461           3
       10462           2
       10463           3
       10464           2
       10465           3
       10466           3
       10467           3
       10468           2
       10469           3
       10470           3
       10471           3
       10472           2
       10473           3
       10474           2
       10475           3
       10476           3
       10477           3
       10478           2
       10479           3
       10480           2
       10481           3
       10482           2
       10483           3
       10484           2
       10485           3
       10486           2
       10487           3
       10488           3
       10489           3
       10490           2
       10491           3
       10492           3
       10493           3
       10494           2
       10495           3
       10496           3
       10497           3
       10498           2
       10499           3
       10500           2
       10501           3
       10502           2
       10503           3
       10504           2
       10505           3
       10506           2
       10507           3
       10508           2
       10509           3
       10510           2
       10511           3
       10512           2
       10513           3
       10514           2
       10515           3
       10516           2
       10517           3
       10518           2
       10519           3
       10520           2
       10521           3
       10522           2
       10523           3
       10524           3
       10525           3
       10526           2
       10527           3
       10528           2
       10529           3
       10530           2
       10531           3
       10532           2
       10533           3
       10534           2
       10535           3
       10536           2
       10537           3
       10538           2
       10539           3
       10540           2
       10541           3
       10542           2
       10543           3
       10544           2
       10545           3
       10546           2
       10547           3
       10548           2
       10549           3
       10550           2
       10551           3
       10552           3
       10553           3
       10554           2
       10555           3
       10556           3
       10557           3
       10558           2
       10559           3
       10560           3
       10561           3
       10562           2
       10563           3
       10564           2
       10565           3
       10566           3
       10567           3
       10568           2
       10569           3
       10570           2
       10571           3
       10572           2
       10573           3
       10574           2
       10575           3
       10576           2
       10577           3
       10578           2
       10579           3
       10580           3
       10581           3
       10582           3
       10583           3
       10584           2
       10585           3
       10586           2
       10587           3
       10588           3
       10589           3
       10590           2
       10591           3
       10592           2
       10593           3
       10594           2
       10595           3
       10596           3
       10597           3
       10598           2
       10599           3
       10600           2
       10601           3
       10602           3
       10603           3
       10604           2
       10605           3
       10606           2
       10607           3
       10608           3
       10609           3
       10610           3
       10611           3
       10612           2
       10613           3
       10614           3
       10615           3
       10616           2
       10617           3
       10618           2
       10619           3
       10620           2
       10621           3
       10622           3
       10623           3
       10624           3
       10625           3
       10626           2
       10627           3
       10628           2
       10629           3
       10630           3
       10631           3
       10632           2
       10633           3
       10634           2
       10635           3
       10636           2
       10637           3
       10638           2
       10639           3
       10640           3
       10641           3
       10642           3
       10643           3
       10644           3
       10645           3
       10646           3
       10647           3
       10648           3
       10649           3
       10650           3
       10651           3
       10652           3
       10653           3
       10654           3
       10655           3
       10656           3
       10657           3
       10658           3
       10659           3
       10660           3
       10661           3
       10662           3
       10663           3
       10664           3
       10665           3
       10666           3
       10667           3
       10668           3
       10669           3
       10670           3
       10671           3
       10672           3
       10673           3
       10674           3
       10675           3
       10676           3
       10677           3
       10678           3
       10679           3
       10680           3
       10681           3
       10682           3
       10683           3
       10684           3
       10685           3
       10686           3
       10687           3
       10688           3
       10689           3
       10690           3
       10691           3
       10692           3
       10693           3
       10694           3
       10695           3
       10696           3
       10697           3
       10698           3
       10699           3
       10700           3
       10701           3
       10702           3
       10703           3
       10704           3
       10705           3
       10706           3
       10707           3
       10708           3
       10709           3
       10710           3
       10711           3
       10712           3
       10713           3
       10714           3
       10715           3
       10716           3
       10717           3
       10718           3
       10719           3
       10720           3
       10721           3
       10722           3
       10723           3
       10724           3
       10725           3
       10726           3
       10727           3
       10728           3
       10729           3
       10730           3
       10731           3
       10732           3
       10733           3
       10734           3
       10735           3
       10736           3
       10737           3
       10738           3
       10739           3
       10740           3
       10741           3
       10742           3
       10743           3
       10744           3
       10745           3
       10746           3
       10747           3
       10748           3
       10749           3
       10750           3
       10751           3
       10752           3
       10753           3
       10754           3
       10755           3
       10756           3
       10757           3
       10758           3
       10759           3
       10760           3
       10761           3
       10762           3
       10763           3
       10764           3
       10765           3
       10766           3
       10767           3
       10768           3
       10769           3
       10770           3
       10771           3
       10772           3
       10773           3
       10774           3
       10775           3
       10776           3
       10777           3
       10778           3
       10779           3
       10780           3
       10781           3
       10782           3
       10783           3
       10784           3
       10785           3
       10786           3
       10787           3
       10788           3
       10789           3
       10790           3
       10791           3
       10792           3
       10793           3
       10794           3
       10795           3
       10796           3
       10797           3
       10798           3
       10799           3
       10800           3
       10801           3
       10802           3
       10803           3
       10804           3
       10805           3
       10806           3
       10807           3
       10808           3
       10809           3
       10810           3
       10811           3
       10812           3
       10813           3
       10814           3
       10815           3
       10816           3
       10817           3
       10818           3
       10819           3
       10820           3
       10821           3
       10822           3
       10823           3
       10824           3
       10825           3
       10826           3
       10827           3
       10828           3
       10829           3
       10830           3
       10831           3
       10832           3
       10833           3
       10834           3
       10835           3
       10836           3
       10837           3
       10838           3
       10839           3
       10840           3
       10841           3
       10842           3
       10843           3
       10844           3
       10845           3
       10846           3
       10847           3
       10848           3
       10849           3
       10850           3
       10851           3
       10852           3
       10853           3
       10854           3
       10855           3
       10856           3
       10857           3
       10858           3
       10859           3
       10860           3
       10861           3
       10862           3
       10863           3
       10864           3
       10865           3
       10866           3
       10867           3
       10868           3
       10869           3
       10870           3
       10871           3
       10872           3
       10873           3
       10874           3
       10875           3
       10876           3
       10877           3
       10878           3
       10879           3
       10880           3
       10881           3
       10882           3
       10883           3
       10884           3
       10885           3
       10886           3
       10887           3
       10888           3
       10889           3
       10890           3
       10891           3
       10892           3
       10893           3
       10894           3
       10895           3
       10896           3
       10897           3
       10898           3
       10899           3
       10900           3
       10901           3
       10902           3
       10903           3
       10904           3
       10905           3
       10906           3
       10907           3
       10908           3
       10909           3
       10910           3
       10911           3
       10912           3
       10913           3
       10914           3
       10915           3
       10916           3
       10917           3
       10918           3
       10919           3
       10920           3
       10921           3
       10922           3
       10923           3
       10924           3
       10925           3
       10926           3
       10927           3
       10928           3
       10929           3
       10930           3
       10931           3
       10932           3
       10933           3
       10934           3
       10935           3
       10936           3
       10937           3
       10938           3
       10939           3
       10940           3
       10941           3
       10942           3
       10943           3
       10944           3
       10945           3
       10946           3
       10947           3
       10948           3
       10949           3
       10950           3
       10951           3
       10952           3
       10953           3
       10954           3
       10955           3
       10956           3
       10957           3
       10958           3
       10959           3
       10960           3
       10961           3
       10962           3
       10963           3
       10964           3
       10965           3
       10966           3
       10967           3
       10968           3
       10969           3
       10970           3
       10971           3
       10972           3
       10973           3
       10974           3
       10975           3
       10976           3
       10977           3
       10978           3
       10979           3
       10980           3
       10981           3
       10982           3
       10983           3
       10984           3
       10985           3
       10986           3
       10987           3
       10988           3
       10989           3
       10990           3
       10991           3
       10992           3
       10993           3
       10994           3
       10995           3
       10996           3
       10997           3
       10998           3
       10999           3
       11000           3
       11001           3
       11002           3
       11003           3
       11004           3
       11005           3
       11006           3
       11007           3
       11008           3
       11009           3
       11010           3
       11011           3
       11012           3
       11013           3
       11014           3
       11015           3
       11016           3
       11017           3
       11018           3
       11019           3
       11020           3
       11021           3
       11022           3
       11023           3
       11024           3
       11025           3
       11026           3
       11027           3
       11028           3
       11029           3
       11030           3
       11031           3
       11032           3
       11033           3
       11034           3
       11035           3
       11036           3
       11037           3
       11038           3
       11039           3
       11040           3
       11041           3
       11042           3
       11043           3
       11044           3
       11045           3
       11046           3
       11047           3
       11048           3
       11049           3
       11050           3
       11051           3
       11052           3
       11053           3
       11054           3
       11055           3
       11056           3
       11057           3
       11058           3
       11059           3
       11060           3
       11061           3
       11062           3
       11063           3
       11064           3
       11065           3
       11066           3
       11067           3
       11068           3
       11069           3
       11070           3
       11071           3
       11072           3
       11073           3
       11074           3
       11075           3
       11076           3
       11077           3
       11078           3
       11079           3
       11080           3
       11081           3
       11082           3
       11083           3
       11084           3
       11085           3
       11086           3
       11087           3
       11088           3
       11089           3
       11090           3
       11091           3
       11092           3
       11093           3
       11094           3
       11095           3
       11096           3
       11097           3
       11098           3
       11099           3
       11100           3
       11101           3
       11102           3
       11103           3
       11104           3
       11105           3
       11106           3
       11107           3
       11108           3
       11109           3
       11110           3
       11111           3
       11112           3
       11113           3
       11114           3
       11115           3
       11116           3
       11117           3
       11118           3
       11119           3
       11120           3
       11121           3
       11122           3
       11123           3
       11124           3
       11125           3
       11126           3
       11127           3
       11128           3
       11129           3
       11130           3
       11131           3
       11132           3
       11133           3
       11134           3
       11135           3
       11136           3
       11137           3
       11138           3
       11139           3
       11140           3
       11141           3
       11142           3
       11143           3
       11144           3
       11145           3
       11146           3
       11147           3
       11148           3
       11149           3
       11150           3
       11151           3
       11152           3
       11153           3
